Date,Close
1/28/2013 16:00:00,906.71
1/29/2013 16:00:00,907.31
1/30/2013 16:00:00,896.91
1/31/2013 16:00:00,902.09
2/1/2013 16:00:00,911.2
2/4/2013 16:00:00,899.28
2/5/2013 16:00:00,908.22
2/6/2013 16:00:00,911.29
2/7/2013 16:00:00,908.1
2/8/2013 16:00:00,913.67
2/11/2013 16:00:00,913.03
2/12/2013 16:00:00,917.52
2/13/2013 16:00:00,920.58
2/14/2013 16:00:00,923.76
2/15/2013 16:00:00,923.15
2/19/2013 16:00:00,932
2/20/2013 16:00:00,913.5
2/21/2013 16:00:00,905.4
2/22/2013 16:00:00,916.15
2/25/2013 16:00:00,895.84
2/26/2013 16:00:00,900.05
2/27/2013 16:00:00,909.92
2/28/2013 16:00:00,911.11
3/1/2013 16:00:00,914.73
3/4/2013 16:00:00,916.68
3/5/2013 16:00:00,927.4
3/6/2013 16:00:00,929.96
3/7/2013 16:00:00,934.57
3/8/2013 16:00:00,942.5
3/11/2013 16:00:00,942.51
3/12/2013 16:00:00,940.26
3/13/2013 16:00:00,943.9
3/14/2013 16:00:00,953.07
3/15/2013 16:00:00,952.48
3/18/2013 16:00:00,947.2
3/19/2013 16:00:00,942.85
3/20/2013 16:00:00,951.95
3/21/2013 16:00:00,943.92
3/22/2013 16:00:00,946.27
3/25/2013 16:00:00,945.85
3/26/2013 16:00:00,949.82
3/27/2013 16:00:00,950.24
3/28/2013 16:00:00,951.54
4/1/2013 16:00:00,938.79
4/2/2013 16:00:00,934.3
4/3/2013 16:00:00,918.71
4/4/2013 16:00:00,925.66
4/5/2013 16:00:00,923.28
4/8/2013 16:00:00,931.49
4/9/2013 16:00:00,929.34
4/10/2013 16:00:00,946.09
4/11/2013 16:00:00,947.05
4/12/2013 16:00:00,942.85
4/15/2013 16:00:00,907.18
4/16/2013 16:00:00,923.3
4/17/2013 16:00:00,906.8
4/18/2013 16:00:00,901.51
4/19/2013 16:00:00,912.5
4/22/2013 16:00:00,914.8
4/23/2013 16:00:00,929.36
4/24/2013 16:00:00,934.11
4/25/2013 16:00:00,940.28
4/26/2013 16:00:00,935.25
4/29/2013 16:00:00,942.43
4/30/2013 16:00:00,947.46
5/1/2013 16:00:00,924.21
5/2/2013 16:00:00,939.85
5/3/2013 16:00:00,954.42
5/6/2013 16:00:00,959.8
5/7/2013 16:00:00,967.82
5/8/2013 16:00:00,970.41
5/9/2013 16:00:00,966.26
5/10/2013 16:00:00,975.16
5/13/2013 16:00:00,973.79
5/14/2013 16:00:00,985.96
5/15/2013 16:00:00,988.54
5/16/2013 16:00:00,985.34
5/17/2013 16:00:00,996.28
5/20/2013 16:00:00,997.98
5/21/2013 16:00:00,998.78
5/22/2013 16:00:00,982.26
5/23/2013 16:00:00,984.28
5/24/2013 16:00:00,984.28
5/28/2013 16:00:00,997.35
5/29/2013 16:00:00,986.96
5/30/2013 16:00:00,994.43
5/31/2013 16:00:00,984.15
6/3/2013 16:00:00,990.53
6/4/2013 16:00:00,981.97
6/5/2013 16:00:00,968.16
6/6/2013 16:00:00,979.46
6/7/2013 16:00:00,987.62
6/10/2013 16:00:00,992.67
6/11/2013 16:00:00,981.45
6/12/2013 16:00:00,972.31
6/13/2013 16:00:00,989.69
6/14/2013 16:00:00,981.38
6/17/2013 16:00:00,987.84
6/18/2013 16:00:00,999.99
6/19/2013 16:00:00,986.5
6/20/2013 16:00:00,960.52
6/21/2013 16:00:00,963.68
6/24/2013 16:00:00,951.05
6/25/2013 16:00:00,961.26
6/26/2013 16:00:00,963.83
6/27/2013 16:00:00,979.92
6/28/2013 16:00:00,977.48
7/1/2013 16:00:00,989.84
7/2/2013 16:00:00,989.47
7/3/2013 16:00:00,991.13
7/5/2013 16:00:00,1005.39
7/8/2013 16:00:00,1009.25
7/9/2013 16:00:00,1018.05
7/10/2013 16:00:00,1020.42
7/11/2013 16:00:00,1033.18
7/12/2013 16:00:00,1036.52
7/15/2013 16:00:00,1043.3
7/16/2013 16:00:00,1038.75
7/17/2013 16:00:00,1042.53
7/18/2013 16:00:00,1050.27
7/19/2013 16:00:00,1050.48
7/22/2013 16:00:00,1053.41
7/23/2013 16:00:00,1052.2
7/24/2013 16:00:00,1043.83
7/25/2013 16:00:00,1054.18
7/26/2013 16:00:00,1048.51
7/29/2013 16:00:00,1040.66
7/30/2013 16:00:00,1043.51
7/31/2013 16:00:00,1045.26
8/1/2013 16:00:00,1059.88
8/2/2013 16:00:00,1059.86
8/5/2013 16:00:00,1063.01
8/6/2013 16:00:00,1052.14
8/7/2013 16:00:00,1044.34
8/8/2013 16:00:00,1049.47
8/9/2013 16:00:00,1048.4
8/12/2013 16:00:00,1053.67
8/13/2013 16:00:00,1051.99
8/14/2013 16:00:00,1047.8
8/15/2013 16:00:00,1027.61
8/16/2013 16:00:00,1024.3
8/19/2013 16:00:00,1013.25
8/20/2013 16:00:00,1028.57
8/21/2013 16:00:00,1021.58
8/22/2013 16:00:00,1036.2
8/23/2013 16:00:00,1038.24
8/26/2013 16:00:00,1038.47
8/27/2013 16:00:00,1013.49
8/28/2013 16:00:00,1016.5
8/29/2013 16:00:00,1026.94
8/30/2013 16:00:00,1010.9
9/3/2013 16:00:00,1016.26
9/4/2013 16:00:00,1025.58
9/5/2013 16:00:00,1028.69
9/6/2013 16:00:00,1029.55
9/9/2013 16:00:00,1046.08
9/10/2013 16:00:00,1055.72
9/11/2013 16:00:00,1055.34
9/12/2013 16:00:00,1048.48
9/13/2013 16:00:00,1053.98
9/16/2013 16:00:00,1056.25
9/17/2013 16:00:00,1066.39
9/18/2013 16:00:00,1076.97
9/19/2013 16:00:00,1075.27
9/20/2013 16:00:00,1072.83
9/23/2013 16:00:00,1072.13
9/24/2013 16:00:00,1074.68
9/25/2013 16:00:00,1073.51
9/26/2013 16:00:00,1078.41
9/27/2013 16:00:00,1074.19
9/30/2013 16:00:00,1073.79
10/1/2013 16:00:00,1087.43
10/2/2013 16:00:00,1082.55
10/3/2013 16:00:00,1070.9
10/4/2013 16:00:00,1078.25
10/7/2013 16:00:00,1065.79
10/8/2013 16:00:00,1047.26
10/9/2013 16:00:00,1043.46
10/10/2013 16:00:00,1069.5
10/11/2013 16:00:00,1084.31
10/14/2013 16:00:00,1090.3
10/15/2013 16:00:00,1079.62
10/16/2013 16:00:00,1092.42
10/17/2013 16:00:00,1102.27
10/18/2013 16:00:00,1114.77
10/21/2013 16:00:00,1112.48
10/22/2013 16:00:00,1115.63
10/23/2013 16:00:00,1110.93
10/24/2013 16:00:00,1118.85
10/25/2013 16:00:00,1118.34
10/28/2013 16:00:00,1117.97
10/29/2013 16:00:00,1121.07
10/30/2013 16:00:00,1105.5
10/31/2013 16:00:00,1100.15
11/1/2013 16:00:00,1095.67
11/4/2013 16:00:00,1108.28
11/5/2013 16:00:00,1103.59
11/6/2013 16:00:00,1098.63
11/7/2013 16:00:00,1079.09
11/8/2013 16:00:00,1099.97
11/11/2013 16:00:00,1101.5
11/12/2013 16:00:00,1101.47
11/13/2013 16:00:00,1112.18
11/14/2013 16:00:00,1111.44
11/15/2013 16:00:00,1116.2
11/18/2013 16:00:00,1107.29
11/19/2013 16:00:00,1101.38
11/20/2013 16:00:00,1099.79
11/21/2013 16:00:00,1119.62
11/22/2013 16:00:00,1124.92
11/25/2013 16:00:00,1124.72
11/26/2013 16:00:00,1134.53
11/27/2013 16:00:00,1141.33
11/29/2013 16:00:00,1142.89
12/2/2013 16:00:00,1129.12
12/3/2013 16:00:00,1123.78
12/4/2013 16:00:00,1121.38
12/5/2013 16:00:00,1122.47
12/6/2013 16:00:00,1131.38
12/9/2013 16:00:00,1129.46
12/10/2013 16:00:00,1119.69
12/11/2013 16:00:00,1101.5
12/12/2013 16:00:00,1103.27
12/13/2013 16:00:00,1107.05
12/16/2013 16:00:00,1119.85
12/17/2013 16:00:00,1118.89
12/18/2013 16:00:00,1133.72
12/19/2013 16:00:00,1125.45
12/20/2013 16:00:00,1146.47
12/23/2013 16:00:00,1157.22
12/24/2013 16:00:00,1161.8
12/26/2013 16:00:00,1162.65
12/27/2013 16:00:00,1161.09
12/30/2013 16:00:00,1160.59
12/31/2013 16:00:00,1163.64
1/2/2014 16:00:00,1150.72
1/3/2014 16:00:00,1156.09
1/6/2014 16:00:00,1147.16
1/7/2014 16:00:00,1157.63
1/8/2014 16:00:00,1157.46
1/9/2014 16:00:00,1158.35
1/10/2014 16:00:00,1164.53
1/13/2014 16:00:00,1148.09
1/14/2014 16:00:00,1163.43
1/15/2014 16:00:00,1171.35
1/16/2014 16:00:00,1173.13
1/17/2014 16:00:00,1168.43
1/21/2014 16:00:00,1175.72
1/22/2014 16:00:00,1181.29
1/23/2014 16:00:00,1172.4
1/24/2014 16:00:00,1144.13
1/27/2014 16:00:00,1127.73
1/28/2014 16:00:00,1138.24
1/29/2014 16:00:00,1122.45
1/30/2014 16:00:00,1139.36
1/31/2014 16:00:00,1130.88
2/3/2014 16:00:00,1094.58
2/4/2014 16:00:00,1102.84
2/5/2014 16:00:00,1093.59
2/6/2014 16:00:00,1103.93
2/7/2014 16:00:00,1116.55
2/10/2014 16:00:00,1118.73
2/11/2014 16:00:00,1129.16
2/12/2014 16:00:00,1132.54
2/13/2014 16:00:00,1147.79
2/14/2014 16:00:00,1149.21
2/18/2014 16:00:00,1161.48
2/19/2014 16:00:00,1149.07
2/20/2014 16:00:00,1162.12
2/21/2014 16:00:00,1164.63
2/24/2014 16:00:00,1174.55
2/25/2014 16:00:00,1173.95
2/26/2014 16:00:00,1181.72
2/27/2014 16:00:00,1187.94
2/28/2014 16:00:00,1183.03
3/3/2014 16:00:00,1176.36
3/4/2014 16:00:00,1208.65
3/5/2014 16:00:00,1205.91
3/6/2014 16:00:00,1204.54
3/7/2014 16:00:00,1203.32
3/10/2014 16:00:00,1200.54
3/11/2014 16:00:00,1187.05
3/12/2014 16:00:00,1191.37
3/13/2014 16:00:00,1176.74
3/14/2014 16:00:00,1181.41
3/17/2014 16:00:00,1188.23
3/18/2014 16:00:00,1205.04
3/19/2014 16:00:00,1195.66
3/20/2014 16:00:00,1198.97
3/21/2014 16:00:00,1193.73
3/24/2014 16:00:00,1178.23
3/25/2014 16:00:00,1178.05
3/26/2014 16:00:00,1155.49
3/27/2014 16:00:00,1151.44
3/28/2014 16:00:00,1151.81
3/31/2014 16:00:00,1173.04
4/1/2014 16:00:00,1188.7
4/2/2014 16:00:00,1192.81
4/3/2014 16:00:00,1181.12
4/4/2014 16:00:00,1153.38
4/7/2014 16:00:00,1135.78
4/8/2014 16:00:00,1144.24
4/9/2014 16:00:00,1159.96
4/10/2014 16:00:00,1127.66
4/11/2014 16:00:00,1111.44
4/14/2014 16:00:00,1115.35
4/15/2014 16:00:00,1119.49
4/16/2014 16:00:00,1131.77
4/17/2014 16:00:00,1137.9
4/21/2014 16:00:00,1142.31
4/22/2014 16:00:00,1155.61
4/23/2014 16:00:00,1147.08
4/24/2014 16:00:00,1144.35
4/25/2014 16:00:00,1123.03
4/28/2014 16:00:00,1117.06
4/29/2014 16:00:00,1120.83
4/30/2014 16:00:00,1126.86
5/1/2014 16:00:00,1125.97
5/2/2014 16:00:00,1128.8
5/5/2014 16:00:00,1126.3
5/6/2014 16:00:00,1108.01
5/7/2014 16:00:00,1108.55
5/8/2014 16:00:00,1097.43
5/9/2014 16:00:00,1107.22
5/12/2014 16:00:00,1133.65
5/13/2014 16:00:00,1121.16
5/14/2014 16:00:00,1103.14
5/15/2014 16:00:00,1095.99
5/16/2014 16:00:00,1102.91
5/19/2014 16:00:00,1114.43
5/20/2014 16:00:00,1097.9
5/21/2014 16:00:00,1103.63
5/22/2014 16:00:00,1113.87
5/23/2014 16:00:00,1126.19
5/27/2014 16:00:00,1142.2
5/28/2014 16:00:00,1136.68
5/29/2014 16:00:00,1140.07
5/30/2014 16:00:00,1134.5
6/2/2014 16:00:00,1128.9
6/3/2014 16:00:00,1126.15
6/4/2014 16:00:00,1131.22
6/5/2014 16:00:00,1153.94
6/6/2014 16:00:00,1165.21
6/9/2014 16:00:00,1175.88
6/10/2014 16:00:00,1172.71
6/11/2014 16:00:00,1166.71
6/12/2014 16:00:00,1159.4
6/13/2014 16:00:00,1162.68
6/16/2014 16:00:00,1166.82
6/17/2014 16:00:00,1176.62
6/18/2014 16:00:00,1183.13
6/19/2014 16:00:00,1184.03
6/20/2014 16:00:00,1188.43
6/23/2014 16:00:00,1184.95
6/24/2014 16:00:00,1173.24
6/25/2014 16:00:00,1182.68
6/26/2014 16:00:00,1180.71
6/27/2014 16:00:00,1189.5
6/30/2014 16:00:00,1192.96
7/1/2014 16:00:00,1205.95
7/2/2014 16:00:00,1199.5
7/3/2014 16:00:00,1208.15
7/7/2014 16:00:00,1186.74
7/8/2014 16:00:00,1172.15
7/9/2014 16:00:00,1173.81
7/10/2014 16:00:00,1161.86
7/11/2014 16:00:00,1159.93
7/14/2014 16:00:00,1167.21
7/15/2014 16:00:00,1153.81
7/16/2014 16:00:00,1151.55
7/17/2014 16:00:00,1133.6
7/18/2014 16:00:00,1151.61
7/21/2014 16:00:00,1146.66
7/22/2014 16:00:00,1156.15
7/23/2014 16:00:00,1158.11
7/24/2014 16:00:00,1156.26
7/25/2014 16:00:00,1144.72
7/28/2014 16:00:00,1139.5
7/29/2014 16:00:00,1141.64
7/30/2014 16:00:00,1146.57
7/31/2014 16:00:00,1120.07
8/1/2014 16:00:00,1114.86
8/4/2014 16:00:00,1124.82
8/5/2014 16:00:00,1121.56
8/6/2014 16:00:00,1125.55
8/7/2014 16:00:00,1119.76
8/8/2014 16:00:00,1131.35
8/11/2014 16:00:00,1141.93
8/12/2014 16:00:00,1133.03
8/13/2014 16:00:00,1141.78
8/14/2014 16:00:00,1143.34
8/15/2014 16:00:00,1141.65
8/18/2014 16:00:00,1158.4
8/19/2014 16:00:00,1162.47
8/20/2014 16:00:00,1157.51
8/21/2014 16:00:00,1160.03
8/22/2014 16:00:00,1160.34
8/25/2014 16:00:00,1165.22
8/26/2014 16:00:00,1175.17
8/27/2014 16:00:00,1172.71
8/28/2014 16:00:00,1165.95
8/29/2014 16:00:00,1174.35
9/2/2014 16:00:00,1179.47
9/3/2014 16:00:00,1172.2
9/4/2014 16:00:00,1167.21
9/5/2014 16:00:00,1170.13
9/8/2014 16:00:00,1172.31
9/9/2014 16:00:00,1158.5
9/10/2014 16:00:00,1164.99
9/11/2014 16:00:00,1172.34
9/12/2014 16:00:00,1160.61
9/15/2014 16:00:00,1146.52
9/16/2014 16:00:00,1150.97
9/17/2014 16:00:00,1153.89
9/18/2014 16:00:00,1159.27
9/19/2014 16:00:00,1146.92
9/22/2014 16:00:00,1129.36
9/23/2014 16:00:00,1118.72
9/24/2014 16:00:00,1128.31
9/25/2014 16:00:00,1110.24
9/26/2014 16:00:00,1119.33
9/29/2014 16:00:00,1117.91
9/30/2014 16:00:00,1101.68
10/1/2014 16:00:00,1085.41
10/2/2014 16:00:00,1096.38
10/3/2014 16:00:00,1104.74
10/6/2014 16:00:00,1094.65
10/7/2014 16:00:00,1076.31
10/8/2014 16:00:00,1097.12
10/9/2014 16:00:00,1067.99
10/10/2014 16:00:00,1053.32
10/13/2014 16:00:00,1049.3
10/14/2014 16:00:00,1061.6
10/15/2014 16:00:00,1072.45
10/16/2014 16:00:00,1086.11
10/17/2014 16:00:00,1082.33
10/20/2014 16:00:00,1094.97
10/21/2014 16:00:00,1112.85
10/22/2014 16:00:00,1096.87
10/23/2014 16:00:00,1116.49
10/24/2014 16:00:00,1118.82
10/27/2014 16:00:00,1117.48
10/28/2014 16:00:00,1149.45
10/29/2014 16:00:00,1146.37
10/30/2014 16:00:00,1155.77
10/31/2014 16:00:00,1173.51
11/3/2014 16:00:00,1170.2
11/4/2014 16:00:00,1165.42
11/5/2014 16:00:00,1167.07
11/6/2014 16:00:00,1171.86
11/7/2014 16:00:00,1173.32
11/10/2014 16:00:00,1179.57
11/11/2014 16:00:00,1179.96
11/12/2014 16:00:00,1186.47
11/13/2014 16:00:00,1175.42
11/14/2014 16:00:00,1173.81
11/17/2014 16:00:00,1164.23
11/18/2014 16:00:00,1170.28
11/19/2014 16:00:00,1157.69
11/20/2014 16:00:00,1170.75
11/21/2014 16:00:00,1172.42
11/24/2014 16:00:00,1186.94
11/25/2014 16:00:00,1186.33
11/26/2014 16:00:00,1190.62
11/28/2014 16:00:00,1173.23
12/1/2014 16:00:00,1154.05
12/2/2014 16:00:00,1168.45
12/3/2014 16:00:00,1179.01
12/4/2014 16:00:00,1173.01
12/5/2014 16:00:00,1182.43
12/8/2014 16:00:00,1167.21
12/9/2014 16:00:00,1188.06
12/10/2014 16:00:00,1161.86
12/11/2014 16:00:00,1166.96
12/12/2014 16:00:00,1152.44
12/15/2014 16:00:00,1140.3
12/16/2014 16:00:00,1139.37
12/17/2014 16:00:00,1174.84
12/18/2014 16:00:00,1192.16
12/19/2014 16:00:00,1195.96
12/22/2014 16:00:00,1201.86
12/23/2014 16:00:00,1202.44
12/24/2014 16:00:00,1206.78
12/26/2014 16:00:00,1215.21
12/29/2014 16:00:00,1219.11
12/30/2014 16:00:00,1213.05
12/31/2014 16:00:00,1204.7
1/2/2015 16:00:00,1198.8
1/5/2015 16:00:00,1181.35
1/6/2015 16:00:00,1161.31
1/7/2015 16:00:00,1175.97
1/8/2015 16:00:00,1196.13
1/9/2015 16:00:00,1185.68
1/12/2015 16:00:00,1180.09
1/13/2015 16:00:00,1180.64
1/14/2015 16:00:00,1177.06
1/15/2015 16:00:00,1154.71
1/16/2015 16:00:00,1176.65
1/20/2015 16:00:00,1170.25
1/21/2015 16:00:00,1166.25
1/22/2015 16:00:00,1190.37
1/23/2015 16:00:00,1188.93
1/26/2015 16:00:00,1200.74
1/27/2015 16:00:00,1194.66
1/28/2015 16:00:00,1175.12
1/29/2015 16:00:00,1190.18
1/30/2015 16:00:00,1165.39
2/2/2015 16:00:00,1175.51
2/3/2015 16:00:00,1196.99
2/4/2015 16:00:00,1191.44
2/5/2015 16:00:00,1208.71
2/6/2015 16:00:00,1205.46
2/9/2015 16:00:00,1195.83
2/10/2015 16:00:00,1203.18
2/11/2015 16:00:00,1201.55
2/12/2015 16:00:00,1216.27
2/13/2015 16:00:00,1223.13
2/17/2015 16:00:00,1225.01
2/18/2015 16:00:00,1227.95
2/19/2015 16:00:00,1227.91
2/20/2015 16:00:00,1231.79
2/23/2015 16:00:00,1231.83
2/24/2015 16:00:00,1233.98
2/25/2015 16:00:00,1235.1
2/26/2015 16:00:00,1239.11
2/27/2015 16:00:00,1233.37
3/2/2015 16:00:00,1242.62
3/3/2015 16:00:00,1234.76
3/4/2015 16:00:00,1230.73
3/5/2015 16:00:00,1234.31
3/6/2015 16:00:00,1217.52
3/9/2015 16:00:00,1223.59
3/10/2015 16:00:00,1208.47
3/11/2015 16:00:00,1215.78
3/12/2015 16:00:00,1236.64
3/13/2015 16:00:00,1232.14
3/16/2015 16:00:00,1239.78
3/17/2015 16:00:00,1242.23
3/18/2015 16:00:00,1252.14
3/19/2015 16:00:00,1254.86
3/20/2015 16:00:00,1266.37
3/23/2015 16:00:00,1264.71
3/24/2015 16:00:00,1263.46
3/25/2015 16:00:00,1233.85
3/26/2015 16:00:00,1231.99
3/27/2015 16:00:00,1240.41
3/30/2015 16:00:00,1257.8
3/31/2015 16:00:00,1252.77
4/1/2015 16:00:00,1251.71
4/2/2015 16:00:00,1255.66
4/6/2015 16:00:00,1260.54
4/7/2015 16:00:00,1253.36
4/8/2015 16:00:00,1262.71
4/9/2015 16:00:00,1259.11
4/10/2015 16:00:00,1264.77
4/13/2015 16:00:00,1265.59
4/14/2015 16:00:00,1265.35
4/15/2015 16:00:00,1275.35
4/16/2015 16:00:00,1272.9
4/17/2015 16:00:00,1251.86
4/20/2015 16:00:00,1264.92
4/21/2015 16:00:00,1264.15
4/22/2015 16:00:00,1265.48
4/23/2015 16:00:00,1271.54
4/24/2015 16:00:00,1267.54
4/27/2015 16:00:00,1252.7
4/28/2015 16:00:00,1259.36
4/29/2015 16:00:00,1246.95
4/30/2015 16:00:00,1220.13
5/1/2015 16:00:00,1228.11
5/4/2015 16:00:00,1233.22
5/5/2015 16:00:00,1215.42
5/6/2015 16:00:00,1219.36
5/7/2015 16:00:00,1225.54
5/8/2015 16:00:00,1234.93
5/11/2015 16:00:00,1235.83
5/12/2015 16:00:00,1233.13
5/13/2015 16:00:00,1232.28
5/14/2015 16:00:00,1245.11
5/15/2015 16:00:00,1243.95
5/18/2015 16:00:00,1257.52
5/19/2015 16:00:00,1255.66
5/20/2015 16:00:00,1257.74
5/21/2015 16:00:00,1256.74
5/22/2015 16:00:00,1252.22
5/26/2015 16:00:00,1238.76
5/27/2015 16:00:00,1254.36
5/28/2015 16:00:00,1253.1
5/29/2015 16:00:00,1246.53
6/1/2015 16:00:00,1249.62
6/2/2015 16:00:00,1251.8
6/3/2015 16:00:00,1264.58
6/4/2015 16:00:00,1251.29
6/5/2015 16:00:00,1261.01
6/8/2015 16:00:00,1253.7
6/9/2015 16:00:00,1249.66
6/10/2015 16:00:00,1266.93
6/11/2015 16:00:00,1268.92
6/12/2015 16:00:00,1265.02
6/15/2015 16:00:00,1261.04
6/16/2015 16:00:00,1269.53
6/17/2015 16:00:00,1268.33
6/18/2015 16:00:00,1284.68
6/19/2015 16:00:00,1284.66
6/22/2015 16:00:00,1292.39
6/23/2015 16:00:00,1295.8
6/24/2015 16:00:00,1283.92
6/25/2015 16:00:00,1283.28
6/26/2015 16:00:00,1279.8
6/29/2015 16:00:00,1246.75
6/30/2015 16:00:00,1253.95
7/1/2015 16:00:00,1256.4
7/2/2015 16:00:00,1248.26
7/6/2015 16:00:00,1246.96
7/7/2015 16:00:00,1248.05
7/8/2015 16:00:00,1228.96
7/9/2015 16:00:00,1234.15
7/10/2015 16:00:00,1252.02
7/13/2015 16:00:00,1265.35
7/14/2015 16:00:00,1273.33
7/15/2015 16:00:00,1264.52
7/16/2015 16:00:00,1272.83
7/17/2015 16:00:00,1267.09
7/20/2015 16:00:00,1260.22
7/21/2015 16:00:00,1254.57
7/22/2015 16:00:00,1258.35
7/23/2015 16:00:00,1244.97
7/24/2015 16:00:00,1225.99
7/27/2015 16:00:00,1214.61
7/28/2015 16:00:00,1224.6
7/29/2015 16:00:00,1229.6
7/30/2015 16:00:00,1232.07
7/31/2015 16:00:00,1238.68
8/3/2015 16:00:00,1231.79
8/4/2015 16:00:00,1228.85
8/5/2015 16:00:00,1231.75
8/6/2015 16:00:00,1215.85
8/7/2015 16:00:00,1206.9
8/10/2015 16:00:00,1222.67
8/11/2015 16:00:00,1211.14
8/12/2015 16:00:00,1208.98
8/13/2015 16:00:00,1204.74
8/14/2015 16:00:00,1212.69
8/17/2015 16:00:00,1225.09
8/18/2015 16:00:00,1214.89
8/19/2015 16:00:00,1202.98
8/20/2015 16:00:00,1172.52
8/21/2015 16:00:00,1156.79
8/24/2015 16:00:00,1111.69
8/25/2015 16:00:00,1104.1
8/26/2015 16:00:00,1132.19
8/27/2015 16:00:00,1153.61
8/28/2015 16:00:00,1162.91
8/31/2015 16:00:00,1159.45
9/1/2015 16:00:00,1128.05
9/2/2015 16:00:00,1146.03
9/3/2015 16:00:00,1145.15
9/4/2015 16:00:00,1136.17
9/8/2015 16:00:00,1161.76
9/9/2015 16:00:00,1148.23
9/10/2015 16:00:00,1153.03
9/11/2015 16:00:00,1157.79
9/14/2015 16:00:00,1153.5
9/15/2015 16:00:00,1166
9/16/2015 16:00:00,1175.2
9/17/2015 16:00:00,1180.69
9/18/2015 16:00:00,1163.35
9/21/2015 16:00:00,1161.09
9/22/2015 16:00:00,1143.03
9/23/2015 16:00:00,1140.05
9/24/2015 16:00:00,1137.54
9/25/2015 16:00:00,1122.79
9/28/2015 16:00:00,1090.57
9/29/2015 16:00:00,1083.91
9/30/2015 16:00:00,1100.69
10/1/2015 16:00:00,1097.55
10/2/2015 16:00:00,1114.12
10/5/2015 16:00:00,1141.64
10/6/2015 16:00:00,1133.69
10/7/2015 16:00:00,1152.6
10/8/2015 16:00:00,1163.24
10/9/2015 16:00:00,1165.36
10/12/2015 16:00:00,1164.4
10/13/2015 16:00:00,1147.84
10/14/2015 16:00:00,1136.97
10/15/2015 16:00:00,1162.77
10/16/2015 16:00:00,1162.31
10/19/2015 16:00:00,1164.3
10/20/2015 16:00:00,1163.27
10/21/2015 16:00:00,1144.95
10/22/2015 16:00:00,1154.52
10/23/2015 16:00:00,1166.06
10/26/2015 16:00:00,1159.5
10/27/2015 16:00:00,1145.29
10/28/2015 16:00:00,1178.72
10/29/2015 16:00:00,1165.63
10/30/2015 16:00:00,1161.86
11/2/2015 16:00:00,1186.09
11/3/2015 16:00:00,1191.58
11/4/2015 16:00:00,1190.38
11/5/2015 16:00:00,1190.69
11/6/2015 16:00:00,1199.75
11/9/2015 16:00:00,1184.43
11/10/2015 16:00:00,1187.7
11/11/2015 16:00:00,1178.07
11/12/2015 16:00:00,1154.81
11/13/2015 16:00:00,1146.55
11/16/2015 16:00:00,1156.08
11/17/2015 16:00:00,1153.21
11/18/2015 16:00:00,1171.75
11/19/2015 16:00:00,1166.73
11/20/2015 16:00:00,1175.15
11/23/2015 16:00:00,1180.36
11/24/2015 16:00:00,1188.81
11/25/2015 16:00:00,1198.02
11/27/2015 16:00:00,1202.38
11/30/2015 16:00:00,1198.11
12/1/2015 16:00:00,1204.16
12/2/2015 16:00:00,1191.69
12/3/2015 16:00:00,1170.57
12/4/2015 16:00:00,1183.4
12/7/2015 16:00:00,1164.3
12/8/2015 16:00:00,1159.4
12/9/2015 16:00:00,1145.87
12/10/2015 16:00:00,1149.02
12/11/2015 16:00:00,1123.61
12/14/2015 16:00:00,1115.86
12/15/2015 16:00:00,1131.55
12/16/2015 16:00:00,1148.97
12/17/2015 16:00:00,1135.36
12/18/2015 16:00:00,1121.02
12/21/2015 16:00:00,1127.74
12/22/2015 16:00:00,1137.69
12/23/2015 16:00:00,1152.82
12/24/2015 16:00:00,1154.76
12/28/2015 16:00:00,1148.21
12/29/2015 16:00:00,1160.52
12/30/2015 16:00:00,1149.64
12/31/2015 16:00:00,1135.89
1/4/2016 16:00:00,1108.62
1/5/2016 16:00:00,1110.44
1/6/2016 16:00:00,1094.37
1/7/2016 16:00:00,1064.57
1/8/2016 16:00:00,1046.2
1/11/2016 16:00:00,1041.9
1/12/2016 16:00:00,1044.7
1/13/2016 16:00:00,1010.19
1/14/2016 16:00:00,1025.67
1/15/2016 16:00:00,1007.72
1/19/2016 16:00:00,994.87
1/20/2016 16:00:00,999.31
1/21/2016 16:00:00,997.34
1/22/2016 16:00:00,1020.66
1/25/2016 16:00:00,997.37
1/26/2016 16:00:00,1017.97
1/27/2016 16:00:00,1002.75
1/28/2016 16:00:00,1003.27
1/29/2016 16:00:00,1035.38
2/1/2016 16:00:00,1032.39
2/2/2016 16:00:00,1008.84
2/3/2016 16:00:00,1010.3
2/4/2016 16:00:00,1014.79
2/5/2016 16:00:00,985.62
2/8/2016 16:00:00,969.34
2/9/2016 16:00:00,963.9
2/10/2016 16:00:00,963.48
2/11/2016 16:00:00,953.72
2/12/2016 16:00:00,971.99
2/16/2016 16:00:00,995.8
2/17/2016 16:00:00,1011.13
2/18/2016 16:00:00,1004.71
2/19/2016 16:00:00,1010.01
2/22/2016 16:00:00,1021.74
2/23/2016 16:00:00,1012.15
2/24/2016 16:00:00,1022.08
2/25/2016 16:00:00,1031.58
2/26/2016 16:00:00,1037.18
2/29/2016 16:00:00,1033.9
3/1/2016 16:00:00,1054.49
3/2/2016 16:00:00,1065.67
3/3/2016 16:00:00,1076.05
3/4/2016 16:00:00,1081.93
3/7/2016 16:00:00,1094.15
3/8/2016 16:00:00,1067.88
3/9/2016 16:00:00,1072.77
3/10/2016 16:00:00,1063.99
3/11/2016 16:00:00,1087.56
3/14/2016 16:00:00,1084.25
3/15/2016 16:00:00,1066.67
3/16/2016 16:00:00,1074.51
3/17/2016 16:00:00,1091.25
3/18/2016 16:00:00,1101.67
3/21/2016 16:00:00,1098.58
3/22/2016 16:00:00,1097.34
3/23/2016 16:00:00,1075.7
3/24/2016 16:00:00,1079.54
3/28/2016 16:00:00,1080.23
3/29/2016 16:00:00,1109.08
3/30/2016 16:00:00,1110.44
3/31/2016 16:00:00,1114.03
4/1/2016 16:00:00,1117.68
4/4/2016 16:00:00,1108.54
4/5/2016 16:00:00,1095.85
4/6/2016 16:00:00,1108.81
4/7/2016 16:00:00,1092.79
4/8/2016 16:00:00,1097.31
4/11/2016 16:00:00,1094.34
4/12/2016 16:00:00,1105.71
4/13/2016 16:00:00,1129.93
4/14/2016 16:00:00,1128.59
4/15/2016 16:00:00,1130.92
4/18/2016 16:00:00,1139.28
4/19/2016 16:00:00,1140.23
4/20/2016 16:00:00,1142.29
4/21/2016 16:00:00,1135.77
4/22/2016 16:00:00,1146.69
4/25/2016 16:00:00,1138.1
4/26/2016 16:00:00,1150.73
4/27/2016 16:00:00,1154.15
4/28/2016 16:00:00,1140.4
4/29/2016 16:00:00,1130.85
5/2/2016 16:00:00,1140.92
5/3/2016 16:00:00,1121.76
5/4/2016 16:00:00,1113.13
5/5/2016 16:00:00,1107.95
5/6/2016 16:00:00,1114.72
5/9/2016 16:00:00,1118.25
5/10/2016 16:00:00,1128.83
5/11/2016 16:00:00,1114.74
5/12/2016 16:00:00,1108.6
5/13/2016 16:00:00,1102.44
5/16/2016 16:00:00,1116.21
5/17/2016 16:00:00,1097.68
5/18/2016 16:00:00,1102.95
5/19/2016 16:00:00,1094.78
5/20/2016 16:00:00,1112.28
5/23/2016 16:00:00,1111.37
5/24/2016 16:00:00,1135.31
5/25/2016 16:00:00,1141.02
5/26/2016 16:00:00,1139.75
5/27/2016 16:00:00,1150.45
5/31/2016 16:00:00,1154.79
6/1/2016 16:00:00,1163.04
6/2/2016 16:00:00,1170.58
6/3/2016 16:00:00,1164.13
6/6/2016 16:00:00,1176.87
6/7/2016 16:00:00,1179.97
6/8/2016 16:00:00,1188.95
6/9/2016 16:00:00,1181.2
6/10/2016 16:00:00,1163.93
6/13/2016 16:00:00,1150.7
6/14/2016 16:00:00,1147.82
6/15/2016 16:00:00,1149.3
6/16/2016 16:00:00,1148.19
6/17/2016 16:00:00,1144.7
6/20/2016 16:00:00,1157.7
6/21/2016 16:00:00,1153.87
6/22/2016 16:00:00,1148.97
6/23/2016 16:00:00,1172.22
6/24/2016 16:00:00,1127.54
6/27/2016 16:00:00,1089.65
6/28/2016 16:00:00,1107.3
6/29/2016 16:00:00,1131.62
6/30/2016 16:00:00,1151.92
7/1/2016 16:00:00,1156.77
7/5/2016 16:00:00,1139.45
7/6/2016 16:00:00,1147.33
7/7/2016 16:00:00,1149.76
7/8/2016 16:00:00,1177.36
7/11/2016 16:00:00,1190.03
7/12/2016 16:00:00,1205.89
7/13/2016 16:00:00,1201.16
7/14/2016 16:00:00,1202.17
7/15/2016 16:00:00,1205.31
7/18/2016 16:00:00,1207.91
7/19/2016 16:00:00,1200.45
7/20/2016 16:00:00,1209.74
7/21/2016 16:00:00,1203.86
7/22/2016 16:00:00,1212.89
7/25/2016 16:00:00,1209.82
7/26/2016 16:00:00,1216.86
7/27/2016 16:00:00,1218.93
7/28/2016 16:00:00,1217.33
7/29/2016 16:00:00,1219.94
8/1/2016 16:00:00,1219.12
8/2/2016 16:00:00,1202.35
8/3/2016 16:00:00,1212.73
8/4/2016 16:00:00,1213.76
8/5/2016 16:00:00,1231.3
8/8/2016 16:00:00,1230.42
8/9/2016 16:00:00,1231.74
8/10/2016 16:00:00,1223.27
8/11/2016 16:00:00,1229.12
8/12/2016 16:00:00,1229.82
8/15/2016 16:00:00,1241.86
8/16/2016 16:00:00,1231.13
8/17/2016 16:00:00,1227.68
8/18/2016 16:00:00,1236.85
8/19/2016 16:00:00,1236.77
8/22/2016 16:00:00,1239.74
8/23/2016 16:00:00,1248.58
8/24/2016 16:00:00,1237.25
8/25/2016 16:00:00,1240
8/26/2016 16:00:00,1238.03
8/29/2016 16:00:00,1244.94
8/30/2016 16:00:00,1246.03
8/31/2016 16:00:00,1239.91
9/1/2016 16:00:00,1239.8
9/2/2016 16:00:00,1251.83
9/6/2016 16:00:00,1253.37
9/7/2016 16:00:00,1261.01
9/8/2016 16:00:00,1258.36
9/9/2016 16:00:00,1219.21
9/12/2016 16:00:00,1235.87
9/13/2016 16:00:00,1212.32
9/14/2016 16:00:00,1211.59
9/15/2016 16:00:00,1227.02
9/16/2016 16:00:00,1224.78
9/19/2016 16:00:00,1232.53
9/20/2016 16:00:00,1228.33
9/21/2016 16:00:00,1245.04
9/22/2016 16:00:00,1263.44
9/23/2016 16:00:00,1254.62
9/26/2016 16:00:00,1240.94
9/27/2016 16:00:00,1246.38
9/28/2016 16:00:00,1255.67
9/29/2016 16:00:00,1237.75
9/30/2016 16:00:00,1251.65
10/3/2016 16:00:00,1245.78
10/4/2016 16:00:00,1239.78
10/5/2016 16:00:00,1248.37
10/6/2016 16:00:00,1246.24
10/7/2016 16:00:00,1236.56
10/10/2016 16:00:00,1250.76
10/11/2016 16:00:00,1227.62
10/12/2016 16:00:00,1227.23
10/13/2016 16:00:00,1215.75
10/14/2016 16:00:00,1212.41
10/17/2016 16:00:00,1210.14
10/18/2016 16:00:00,1217.3
10/19/2016 16:00:00,1222.64
10/20/2016 16:00:00,1219.79
10/21/2016 16:00:00,1218.1
10/24/2016 16:00:00,1226.45
10/25/2016 16:00:00,1216.1
10/26/2016 16:00:00,1204.75
10/27/2016 16:00:00,1189.95
10/28/2016 16:00:00,1187.61
10/31/2016 16:00:00,1191.39
11/1/2016 16:00:00,1177.94
11/2/2016 16:00:00,1162.52
11/3/2016 16:00:00,1156.89
11/4/2016 16:00:00,1163.44
11/7/2016 16:00:00,1192.25
11/8/2016 16:00:00,1195.14
11/9/2016 16:00:00,1232.16
11/10/2016 16:00:00,1251.61
11/11/2016 16:00:00,1282.39
11/14/2016 16:00:00,1298.6
11/15/2016 16:00:00,1302.14
11/16/2016 16:00:00,1302.2
11/17/2016 16:00:00,1309.48
11/18/2016 16:00:00,1315.64
11/21/2016 16:00:00,1322.23
11/22/2016 16:00:00,1334.34
11/23/2016 16:00:00,1342.09
11/25/2016 16:00:00,1347.2
11/28/2016 16:00:00,1329.83
11/29/2016 16:00:00,1328.22
11/30/2016 16:00:00,1322.34
12/1/2016 16:00:00,1313.8
12/2/2016 16:00:00,1314.25
12/5/2016 16:00:00,1337.79
12/6/2016 16:00:00,1352.67
12/7/2016 16:00:00,1364.51
12/8/2016 16:00:00,1386.37
12/9/2016 16:00:00,1388.07
12/12/2016 16:00:00,1373.14
12/13/2016 16:00:00,1373.53
12/14/2016 16:00:00,1356.02
12/15/2016 16:00:00,1366.41
12/16/2016 16:00:00,1364.19
12/19/2016 16:00:00,1371.68
12/20/2016 16:00:00,1383.96
12/21/2016 16:00:00,1375.19
12/22/2016 16:00:00,1362.66
12/23/2016 16:00:00,1371.51
12/27/2016 16:00:00,1377.71
12/28/2016 16:00:00,1360.83
12/29/2016 16:00:00,1363.18
12/30/2016 16:00:00,1357.13
1/3/2017 16:00:00,1365.49
1/4/2017 16:00:00,1387.95
1/5/2017 16:00:00,1371.94
1/6/2017 16:00:00,1367.28
1/9/2017 16:00:00,1357.49
1/10/2017 16:00:00,1370.9
1/11/2017 16:00:00,1373.3
1/12/2017 16:00:00,1361.07
1/13/2017 16:00:00,1372.05
1/17/2017 16:00:00,1352.32
1/18/2017 16:00:00,1358.56
1/19/2017 16:00:00,1345.74
1/20/2017 16:00:00,1351.85
1/23/2017 16:00:00,1347.84
1/24/2017 16:00:00,1369.21
1/25/2017 16:00:00,1382.44
1/26/2017 16:00:00,1375.6
1/27/2017 16:00:00,1370.7
1/30/2017 16:00:00,1352.33
1/31/2017 16:00:00,1361.82
2/1/2017 16:00:00,1361.23
2/2/2017 16:00:00,1357.43
2/3/2017 16:00:00,1377.84
2/6/2017 16:00:00,1366.66
2/7/2017 16:00:00,1361.06
2/8/2017 16:00:00,1358.74
2/9/2017 16:00:00,1378.53
2/10/2017 16:00:00,1388.84
2/13/2017 16:00:00,1392.38
2/14/2017 16:00:00,1396.65
2/15/2017 16:00:00,1404.21
2/16/2017 16:00:00,1399.13
2/17/2017 16:00:00,1399.86
2/21/2017 16:00:00,1410.34
2/22/2017 16:00:00,1403.86
2/23/2017 16:00:00,1394.62
2/24/2017 16:00:00,1394.52
2/27/2017 16:00:00,1407.97
2/28/2017 16:00:00,1386.68
3/1/2017 16:00:00,1413.64
3/2/2017 16:00:00,1395.67
3/3/2017 16:00:00,1394.13
3/6/2017 16:00:00,1384.25
3/7/2017 16:00:00,1374.88
3/8/2017 16:00:00,1366.04
3/9/2017 16:00:00,1360.12
3/10/2017 16:00:00,1365.26
3/13/2017 16:00:00,1370.28
3/14/2017 16:00:00,1362.38
3/15/2017 16:00:00,1382.83
3/16/2017 16:00:00,1386.03
3/17/2017 16:00:00,1391.52
3/20/2017 16:00:00,1384.1
3/21/2017 16:00:00,1346.55
3/22/2017 16:00:00,1345.6
3/23/2017 16:00:00,1353.43
3/24/2017 16:00:00,1354.64
3/27/2017 16:00:00,1357.32
3/28/2017 16:00:00,1367.26
3/29/2017 16:00:00,1371.64
3/30/2017 16:00:00,1382.35
3/31/2017 16:00:00,1385.92
4/3/2017 16:00:00,1369.67
4/4/2017 16:00:00,1368.18
4/5/2017 16:00:00,1352.14
4/6/2017 16:00:00,1364.43
4/7/2017 16:00:00,1364.56
4/10/2017 16:00:00,1367.09
4/11/2017 16:00:00,1376.95
4/12/2017 16:00:00,1359.2
4/13/2017 16:00:00,1345.24
4/17/2017 16:00:00,1361.18
4/18/2017 16:00:00,1361.89
4/19/2017 16:00:00,1367.13
4/20/2017 16:00:00,1384.15
4/21/2017 16:00:00,1379.85
4/24/2017 16:00:00,1397.94
4/25/2017 16:00:00,1411.08
4/26/2017 16:00:00,1419.43
4/27/2017 16:00:00,1417.13
4/28/2017 16:00:00,1400.43
5/1/2017 16:00:00,1407.36
5/2/2017 16:00:00,1399.36
5/3/2017 16:00:00,1390.92
5/4/2017 16:00:00,1388.85
5/5/2017 16:00:00,1397
5/8/2017 16:00:00,1391.64
5/9/2017 16:00:00,1391.86
5/10/2017 16:00:00,1399.59
5/11/2017 16:00:00,1390.2
5/12/2017 16:00:00,1382.77
5/15/2017 16:00:00,1393.92
5/16/2017 16:00:00,1394.68
5/17/2017 16:00:00,1355.89
5/18/2017 16:00:00,1361.08
5/19/2017 16:00:00,1367.33
5/22/2017 16:00:00,1377.14
5/23/2017 16:00:00,1380.98
5/24/2017 16:00:00,1382.51
5/25/2017 16:00:00,1383.39
5/26/2017 16:00:00,1382.24
5/30/2017 16:00:00,1371.19
5/31/2017 16:00:00,1370.21
6/1/2017 16:00:00,1396.06
6/2/2017 16:00:00,1405.39
6/5/2017 16:00:00,1396.45
6/6/2017 16:00:00,1394.9
6/7/2017 16:00:00,1396.67
6/8/2017 16:00:00,1415.61
6/9/2017 16:00:00,1421.71
6/12/2017 16:00:00,1419.21
6/13/2017 16:00:00,1425.99
6/14/2017 16:00:00,1417.57
6/15/2017 16:00:00,1410.08
6/16/2017 16:00:00,1406.73
6/19/2017 16:00:00,1418.08
6/20/2017 16:00:00,1402.97
6/21/2017 16:00:00,1399.25
6/22/2017 16:00:00,1404.54
6/23/2017 16:00:00,1414.78
6/26/2017 16:00:00,1416.64
6/27/2017 16:00:00,1403.52
6/28/2017 16:00:00,1425.27
6/29/2017 16:00:00,1416.2
6/30/2017 16:00:00,1415.36
7/3/2017 16:00:00,1426.68
7/5/2017 16:00:00,1420.15
7/6/2017 16:00:00,1400.81
7/7/2017 16:00:00,1415.84
7/10/2017 16:00:00,1408.47
7/11/2017 16:00:00,1413.05
7/12/2017 16:00:00,1424.32
7/13/2017 16:00:00,1425.66
7/14/2017 16:00:00,1428.82
7/17/2017 16:00:00,1431.6
7/18/2017 16:00:00,1427.61
7/19/2017 16:00:00,1441.77
7/20/2017 16:00:00,1442.35
7/21/2017 16:00:00,1435.84
7/24/2017 16:00:00,1438.05
7/25/2017 16:00:00,1450.39
7/26/2017 16:00:00,1442.28
7/27/2017 16:00:00,1433.62
7/28/2017 16:00:00,1429.26
7/31/2017 16:00:00,1425.14
8/1/2017 16:00:00,1428.33
8/2/2017 16:00:00,1412.9
8/3/2017 16:00:00,1405.23
8/4/2017 16:00:00,1412.32
8/7/2017 16:00:00,1414.17
8/8/2017 16:00:00,1410.15
8/9/2017 16:00:00,1396.95
8/10/2017 16:00:00,1372.54
8/11/2017 16:00:00,1374.23
8/14/2017 16:00:00,1394.31
8/15/2017 16:00:00,1383.24
8/16/2017 16:00:00,1383.53
8/17/2017 16:00:00,1358.94
8/18/2017 16:00:00,1357.79
8/21/2017 16:00:00,1356.9
8/22/2017 16:00:00,1371.54
8/23/2017 16:00:00,1369.74
8/24/2017 16:00:00,1373.88
8/25/2017 16:00:00,1377.45
8/28/2017 16:00:00,1382.23
8/29/2017 16:00:00,1383.68
8/30/2017 16:00:00,1391.32
8/31/2017 16:00:00,1405.28
9/1/2017 16:00:00,1413.57
9/5/2017 16:00:00,1399.66
9/6/2017 16:00:00,1402.2
9/7/2017 16:00:00,1398.67
9/8/2017 16:00:00,1399.43
9/11/2017 16:00:00,1414.83
9/12/2017 16:00:00,1423.46
9/13/2017 16:00:00,1426.89
9/14/2017 16:00:00,1425.02
9/15/2017 16:00:00,1431.71
9/18/2017 16:00:00,1441.08
9/19/2017 16:00:00,1440.4
9/20/2017 16:00:00,1445.42
9/21/2017 16:00:00,1444.18
9/22/2017 16:00:00,1450.78
9/25/2017 16:00:00,1451.96
9/26/2017 16:00:00,1456.86
9/27/2017 16:00:00,1484.81
9/28/2017 16:00:00,1488.79
9/29/2017 16:00:00,1490.86
10/2/2017 16:00:00,1509.47
10/3/2017 16:00:00,1511.97
10/4/2017 16:00:00,1507.76
10/5/2017 16:00:00,1512.09
10/6/2017 16:00:00,1510.22
10/9/2017 16:00:00,1503.56
10/10/2017 16:00:00,1508.01
10/11/2017 16:00:00,1506.92
10/12/2017 16:00:00,1505.16
10/13/2017 16:00:00,1502.66
10/16/2017 16:00:00,1502.68
10/17/2017 16:00:00,1497.5
10/18/2017 16:00:00,1505.14
10/19/2017 16:00:00,1502.04
10/20/2017 16:00:00,1509.25
10/23/2017 16:00:00,1497.49
10/24/2017 16:00:00,1500.42
10/25/2017 16:00:00,1493.48
10/26/2017 16:00:00,1497.46
10/27/2017 16:00:00,1508.32
10/30/2017 16:00:00,1490.9
10/31/2017 16:00:00,1502.53
11/1/2017 16:00:00,1492.78
11/2/2017 16:00:00,1496.55
11/3/2017 16:00:00,1494.91
11/6/2017 16:00:00,1497.96
11/7/2017 16:00:00,1479.09
11/8/2017 16:00:00,1481.73
11/9/2017 16:00:00,1475.02
11/10/2017 16:00:00,1475.27
11/13/2017 16:00:00,1475.07
11/14/2017 16:00:00,1471.26
11/15/2017 16:00:00,1464.09
11/16/2017 16:00:00,1486.88
11/17/2017 16:00:00,1492.82
11/20/2017 16:00:00,1503.4
11/21/2017 16:00:00,1518.89
11/22/2017 16:00:00,1516.76
11/24/2017 13:00:00,1519.16
11/27/2017 16:00:00,1513.31
11/28/2017 16:00:00,1536.43
11/29/2017 16:00:00,1542.3
11/30/2017 16:00:00,1544.14
12/1/2017 16:00:00,1537.02
12/4/2017 16:00:00,1532.41
12/5/2017 16:00:00,1516.76
12/6/2017 16:00:00,1508.88
12/7/2017 16:00:00,1520.47
12/8/2017 16:00:00,1521.72
12/11/2017 16:00:00,1519.84
12/12/2017 16:00:00,1516.12
12/13/2017 16:00:00,1524.45
12/14/2017 16:00:00,1506.95
12/15/2017 16:00:00,1530.42
12/18/2017 16:00:00,1548.92
12/19/2017 16:00:00,1536.75
12/20/2017 16:00:00,1540.08
12/21/2017 16:00:00,1547.11
12/22/2017 16:00:00,1542.93
12/27/2017 16:00:00,1543.94
12/28/2017 16:00:00,1548.93
12/29/2017 16:00:00,1535.51
1/2/2018 16:00:00,1550.01
1/3/2018 16:00:00,1552.58
1/4/2018 16:00:00,1555.72
1/5/2018 16:00:00,1560.01
1/8/2018 16:00:00,1561.81
1/9/2018 16:00:00,1560.1
1/10/2018 16:00:00,1559.8
1/11/2018 16:00:00,1586.79
1/12/2018 16:00:00,1591.97
1/16/2018 16:00:00,1572.97
1/17/2018 16:00:00,1586.66
1/18/2018 16:00:00,1576.73
1/19/2018 16:00:00,1597.63
1/22/2018 16:00:00,1605.17
1/23/2018 16:00:00,1610.71
1/24/2018 16:00:00,1599.61
1/25/2018 16:00:00,1601.67
1/26/2018 16:00:00,1608.06
1/29/2018 16:00:00,1598.11
1/30/2018 16:00:00,1582.82
1/31/2018 16:00:00,1574.98
2/1/2018 16:00:00,1579.87
2/2/2018 16:00:00,1547.27
2/5/2018 16:00:00,1491.09
2/6/2018 16:00:00,1507.17
2/7/2018 16:00:00,1507.97
2/8/2018 16:00:00,1463.79
2/9/2018 16:00:00,1477.84
2/12/2018 16:00:00,1490.98
2/13/2018 16:00:00,1494.95
2/14/2018 16:00:00,1522.1
2/15/2018 16:00:00,1537.2
2/16/2018 16:00:00,1543.55
2/20/2018 16:00:00,1529.99
2/21/2018 16:00:00,1531.84
2/22/2018 16:00:00,1529.99
2/23/2018 16:00:00,1549.19
2/26/2018 16:00:00,1559.33
2/27/2018 16:00:00,1536.47
2/28/2018 16:00:00,1512.45
3/1/2018 16:00:00,1507.39
3/2/2018 16:00:00,1533.17
3/5/2018 16:00:00,1546.05
3/6/2018 16:00:00,1562.2
3/7/2018 16:00:00,1574.53
3/8/2018 16:00:00,1571.97
3/9/2018 16:00:00,1597.14
3/12/2018 16:00:00,1601.06
3/13/2018 16:00:00,1592.05
3/14/2018 16:00:00,1584.31
3/15/2018 16:00:00,1576.62
3/16/2018 16:00:00,1586.05
3/19/2018 16:00:00,1570.56
3/20/2018 16:00:00,1570.41
3/21/2018 16:00:00,1579.3
3/22/2018 16:00:00,1543.87
3/23/2018 16:00:00,1510.08
3/26/2018 16:00:00,1543.72
3/27/2018 16:00:00,1513.57
3/28/2018 16:00:00,1513.03
3/29/2018 16:00:00,1529.43
4/3/2018 16:00:00,1512.15
4/4/2018 16:00:00,1531.66
4/5/2018 16:00:00,1542.93
4/6/2018 16:00:00,1513.3
4/9/2018 16:00:00,1514.46
4/10/2018 16:00:00,1543.43
4/11/2018 16:00:00,1546.7
4/12/2018 16:00:00,1557.33
4/13/2018 16:00:00,1549.51
4/16/2018 16:00:00,1563.03
4/17/2018 16:00:00,1579.8
4/18/2018 16:00:00,1583.56
4/19/2018 16:00:00,1573.82
4/20/2018 16:00:00,1564.12
4/23/2018 16:00:00,1562.12
4/24/2018 16:00:00,1553.28
4/25/2018 16:00:00,1550.47
4/26/2018 16:00:00,1557.89
4/27/2018 16:00:00,1556.24
4/30/2018 16:00:00,1541.88
5/1/2018 16:00:00,1550.33
5/2/2018 16:00:00,1554.92
5/3/2018 16:00:00,1546.56
5/4/2018 16:00:00,1565.6
5/8/2018 16:00:00,1586.39
5/9/2018 16:00:00,1596.05
5/10/2018 16:00:00,1603.71
5/11/2018 16:00:00,1606.79
5/14/2018 16:00:00,1600.34
5/15/2018 16:00:00,1600.34
5/16/2018 16:00:00,1616.37
5/17/2018 16:00:00,1625.29
5/18/2018 16:00:00,1626.63
5/21/2018 16:00:00,1637.44
5/22/2018 16:00:00,1625.24
5/23/2018 16:00:00,1627.61
5/24/2018 16:00:00,1628.22
5/25/2018 16:00:00,1626.93
5/29/2018 16:00:00,1623.65
5/30/2018 16:00:00,1647.99
5/31/2018 16:00:00,1633.61
6/1/2018 16:00:00,1647.98
6/4/2018 16:00:00,1653.37
6/5/2018 16:00:00,1664.63
6/6/2018 16:00:00,1675.95
6/7/2018 16:00:00,1667.77
6/8/2018 16:00:00,1672.49
6/11/2018 16:00:00,1674.68
6/12/2018 16:00:00,1682.3
6/13/2018 16:00:00,1676.54
6/14/2018 16:00:00,1684.72
6/15/2018 16:00:00,1683.91
6/18/2018 16:00:00,1692.46
6/19/2018 16:00:00,1693.45
6/20/2018 16:00:00,1706.99
6/21/2018 16:00:00,1688.95
6/22/2018 16:00:00,1685.58
6/25/2018 16:00:00,1657.51
6/26/2018 16:00:00,1668.53
6/27/2018 16:00:00,1640.45
6/28/2018 16:00:00,1645.02
6/29/2018 16:00:00,1643.07
7/2/2018 16:00:00,1655.09
7/3/2018 13:00:00,1660.42
7/5/2018 16:00:00,1679.48
7/6/2018 16:00:00,1694.05
7/9/2018 16:00:00,1704.6
7/10/2018 16:00:00,1695.62
7/11/2018 16:00:00,1683.66
7/12/2018 16:00:00,1690.28
7/13/2018 16:00:00,1687.08
7/16/2018 16:00:00,1678.54
7/17/2018 16:00:00,1687.26
7/18/2018 16:00:00,1691.87
7/19/2018 16:00:00,1701.31
7/20/2018 16:00:00,1696.81
7/23/2018 16:00:00,1698.41
7/24/2018 16:00:00,1680.2
7/25/2018 16:00:00,1685.2
7/26/2018 16:00:00,1695.36
7/27/2018 16:00:00,1663.34
7/30/2018 16:00:00,1653.13
7/31/2018 16:00:00,1670.8
8/1/2018 16:00:00,1669.26
8/2/2018 16:00:00,1682.1
8/3/2018 16:00:00,1673.37
8/6/2018 16:00:00,1684.31
8/7/2018 16:00:00,1688.3
8/8/2018 16:00:00,1686.88
8/9/2018 16:00:00,1690.89
8/10/2018 16:00:00,1686.8
8/13/2018 16:00:00,1675.32
8/14/2018 16:00:00,1692.58
8/15/2018 16:00:00,1670.67
8/16/2018 16:00:00,1685.75
8/17/2018 16:00:00,1692.95
8/20/2018 16:00:00,1698.69
8/21/2018 16:00:00,1718.05
8/22/2018 16:00:00,1722.54
8/23/2018 16:00:00,1717.05
8/24/2018 16:00:00,1725.67
8/28/2018 16:00:00,1728.42
8/29/2018 16:00:00,1734.75
8/30/2018 16:00:00,1732.35
8/31/2018 16:00:00,1740.75
9/4/2018 16:00:00,1733.38
9/5/2018 16:00:00,1727.65
9/6/2018 16:00:00,1714.47
9/7/2018 16:00:00,1713.18
9/10/2018 16:00:00,1717.47
9/11/2018 16:00:00,1718.4
9/12/2018 16:00:00,1715.7
9/13/2018 16:00:00,1714.32
9/14/2018 16:00:00,1721.72
9/17/2018 16:00:00,1703.55
9/18/2018 16:00:00,1710.97
9/19/2018 16:00:00,1702.93
9/20/2018 16:00:00,1720.18
9/21/2018 16:00:00,1712.32
9/24/2018 16:00:00,1705.32
9/25/2018 16:00:00,1708.81
9/26/2018 16:00:00,1691.61
9/27/2018 16:00:00,1690.53
9/28/2018 16:00:00,1696.57
10/1/2018 16:00:00,1672.99
10/2/2018 16:00:00,1656.04
10/3/2018 16:00:00,1671.29
10/4/2018 16:00:00,1646.91
10/5/2018 16:00:00,1632.11
10/8/2018 16:00:00,1629.52
10/9/2018 16:00:00,1621.87
10/10/2018 16:00:00,1575.41
10/11/2018 16:00:00,1545.38
10/12/2018 16:00:00,1546.68
10/15/2018 16:00:00,1553.09
10/16/2018 16:00:00,1596.84
10/17/2018 16:00:00,1589.6
10/18/2018 16:00:00,1560.75
10/19/2018 16:00:00,1542.04
10/22/2018 16:00:00,1539.5
10/23/2018 16:00:00,1526.59
10/24/2018 16:00:00,1468.7
10/25/2018 16:00:00,1500.4
10/26/2018 16:00:00,1483.82
10/29/2018 16:00:00,1477.31
10/30/2018 16:00:00,1506.64
10/31/2018 16:00:00,1511.41
11/1/2018 16:00:00,1544.98
11/2/2018 16:00:00,1547.98
11/5/2018 16:00:00,1547.51
11/6/2018 16:00:00,1556.1
11/7/2018 16:00:00,1582.16
11/8/2018 16:00:00,1578.21
11/9/2018 16:00:00,1549.49
11/12/2018 16:00:00,1518.79
11/13/2018 16:00:00,1514.8
11/14/2018 16:00:00,1502.51
11/15/2018 16:00:00,1524.12
11/16/2018 16:00:00,1527.53
11/19/2018 16:00:00,1496.54
11/20/2018 16:00:00,1469.01
11/21/2018 16:00:00,1488.28
11/23/2018 13:00:00,1488.68
11/26/2018 16:00:00,1505.96
11/27/2018 16:00:00,1492.86
11/28/2018 16:00:00,1530.38
11/29/2018 16:00:00,1525.39
11/30/2018 16:00:00,1533.27
12/3/2018 16:00:00,1548.96
12/4/2018 16:00:00,1480.75
12/6/2018 16:00:00,1477.41
12/7/2018 16:00:00,1448.09
12/10/2018 16:00:00,1443.1
12/11/2018 16:00:00,1440.13
12/12/2018 16:00:00,1455.32
12/13/2018 16:00:00,1432.7
12/14/2018 16:00:00,1410.81
12/17/2018 16:00:00,1378.14
12/18/2018 16:00:00,1377.18
12/19/2018 16:00:00,1349.23
12/20/2018 16:00:00,1326
12/21/2018 16:00:00,1292.09
12/24/2018 13:00:00,1266.92
12/27/2018 16:00:00,1331.82
12/28/2018 16:00:00,1337.92
12/31/2018 16:00:00,1348.56
1/2/2019 16:00:00,1355.91
1/3/2019 16:00:00,1330.83
1/4/2019 16:00:00,1380.75
1/7/2019 16:00:00,1405.37
1/8/2019 16:00:00,1426.55
1/9/2019 16:00:00,1438.81
1/10/2019 16:00:00,1445.43
1/11/2019 16:00:00,1447.38
1/14/2019 16:00:00,1432.81
1/15/2019 16:00:00,1445.22
1/16/2019 16:00:00,1454.7
1/17/2019 16:00:00,1467.25
1/18/2019 16:00:00,1482.5
1/22/2019 16:00:00,1457.45
1/23/2019 16:00:00,1454.26
1/24/2019 16:00:00,1464.41
1/25/2019 16:00:00,1482.85
1/28/2019 16:00:00,1473.54
1/29/2019 16:00:00,1471.45
1/30/2019 16:00:00,1486.94
1/31/2019 16:00:00,1499.42
2/1/2019 16:00:00,1502.05
2/4/2019 16:00:00,1517.54
2/5/2019 16:00:00,1520.23
2/6/2019 16:00:00,1518.02
2/7/2019 16:00:00,1505.63
2/8/2019 16:00:00,1506.39
2/11/2019 16:00:00,1518.98
2/12/2019 16:00:00,1538.23
2/13/2019 16:00:00,1542.94
2/14/2019 16:00:00,1545.11
2/15/2019 16:00:00,1569.25
2/19/2019 16:00:00,1574.47
2/20/2019 16:00:00,1581.66
2/21/2019 16:00:00,1575.55
2/22/2019 16:00:00,1590.06
2/25/2019 16:00:00,1588.81
2/26/2019 16:00:00,1577.48
2/27/2019 16:00:00,1581.05
2/28/2019 16:00:00,1575.55
3/1/2019 16:00:00,1589.64
3/4/2019 16:00:00,1575.44
3/5/2019 16:00:00,1568.28
3/6/2019 16:00:00,1536.82
3/7/2019 16:00:00,1523.63
3/8/2019 16:00:00,1521.88
3/11/2019 16:00:00,1548.88
3/12/2019 16:00:00,1549.83
3/13/2019 16:00:00,1555.88
3/14/2019 16:00:00,1549.64
3/15/2019 16:00:00,1553.54
3/18/2019 16:00:00,1563.93
3/19/2019 16:00:00,1554.99
3/20/2019 16:00:00,1543.16
3/21/2019 16:00:00,1562.41
3/22/2019 16:00:00,1505.92
3/25/2019 16:00:00,1512.86
3/26/2019 16:00:00,1528.17
3/27/2019 16:00:00,1522.23
3/28/2019 16:00:00,1535.1
3/29/2019 16:00:00,1539.74
4/1/2019 16:00:00,1556.06
4/2/2019 16:00:00,1553.32
4/3/2019 16:00:00,1560.91
4/4/2019 16:00:00,1567.49
4/5/2019 16:00:00,1582.56
4/8/2019 16:00:00,1579
4/9/2019 16:00:00,1559.68
4/10/2019 16:00:00,1581.55
4/11/2019 16:00:00,1579.14
4/12/2019 16:00:00,1584.8
4/15/2019 16:00:00,1579.17
4/16/2019 16:00:00,1582.79
4/17/2019 16:00:00,1567.6
4/18/2019 16:00:00,1565.75
4/22/2019 16:00:00,1560.04
4/23/2019 16:00:00,1585.09
4/24/2019 16:00:00,1588.13
4/25/2019 16:00:00,1575.61
4/26/2019 16:00:00,1591.82
4/29/2019 16:00:00,1598.36
4/30/2019 16:00:00,1591.21
5/1/2019 16:00:00,1576.38
5/2/2019 16:00:00,1582.65
5/3/2019 16:00:00,1614.02
5/6/2019 16:00:00,1614.98
5/7/2019 16:00:00,1582.31
5/8/2019 16:00:00,1574.97
5/9/2019 16:00:00,1570.06
5/10/2019 16:00:00,1572.99
5/13/2019 16:00:00,1523
5/14/2019 16:00:00,1543.06
5/15/2019 16:00:00,1548.27
5/16/2019 16:00:00,1557.24
5/17/2019 16:00:00,1535.76
5/20/2019 16:00:00,1524.96
5/21/2019 16:00:00,1545.25
5/22/2019 16:00:00,1531.63
5/23/2019 16:00:00,1501.38
5/24/2019 16:00:00,1514.11
5/28/2019 16:00:00,1504.02
5/29/2019 16:00:00,1489.95
5/30/2019 16:00:00,1485.53
5/31/2019 16:00:00,1465.49
6/3/2019 16:00:00,1469.98
6/4/2019 16:00:00,1508.56
6/5/2019 16:00:00,1506.79
6/6/2019 16:00:00,1503.54
6/7/2019 16:00:00,1514.39
6/10/2019 16:00:00,1523.56
6/11/2019 16:00:00,1519.11
6/12/2019 16:00:00,1519.79
6/13/2019 16:00:00,1535.8
6/14/2019 16:00:00,1522.5
6/17/2019 16:00:00,1532.75
6/18/2019 16:00:00,1550.23
6/19/2019 16:00:00,1555.58
6/20/2019 16:00:00,1563.49
6/21/2019 16:00:00,1549.63
6/24/2019 16:00:00,1530.08
6/25/2019 16:00:00,1521.04
6/26/2019 16:00:00,1517.78
6/27/2019 16:00:00,1546.55
6/28/2019 16:00:00,1566.57
7/1/2019 16:00:00,1569.66
7/2/2019 16:00:00,1560.54
7/3/2019 13:00:00,1572.12
7/5/2019 16:00:00,1575.62
7/8/2019 16:00:00,1561.39
7/9/2019 16:00:00,1562.59
7/10/2019 16:00:00,1565.05
7/11/2019 16:00:00,1557.92
7/12/2019 16:00:00,1570
7/15/2019 16:00:00,1561.82
7/16/2019 16:00:00,1562
7/17/2019 16:00:00,1550.78
7/18/2019 16:00:00,1555.62
7/19/2019 16:00:00,1547.9
7/22/2019 16:00:00,1544.78
7/23/2019 16:00:00,1554.96
7/24/2019 16:00:00,1580.42
7/25/2019 16:00:00,1561.45
7/26/2019 16:00:00,1578.97
7/29/2019 16:00:00,1569.03
7/30/2019 16:00:00,1585.6
7/31/2019 16:00:00,1574.61
8/1/2019 16:00:00,1550.76
8/2/2019 16:00:00,1533.66
8/5/2019 16:00:00,1487.41
8/6/2019 16:00:00,1502.09
8/7/2019 16:00:00,1500.69
8/8/2019 16:00:00,1532.13
8/9/2019 16:00:00,1513.04
8/12/2019 16:00:00,1494.46
8/13/2019 16:00:00,1510.58
8/14/2019 16:00:00,1467.52
8/15/2019 16:00:00,1461.65
8/16/2019 16:00:00,1493.64
8/19/2019 16:00:00,1508.85
8/20/2019 16:00:00,1498.01
8/21/2019 16:00:00,1509.85
8/22/2019 16:00:00,1506
8/23/2019 16:00:00,1459.49
8/26/2019 16:00:00,1476
8/27/2019 16:00:00,1456.04
8/28/2019 16:00:00,1472.71
8/29/2019 16:00:00,1496.72
8/30/2019 16:00:00,1494.84
9/3/2019 16:00:00,1472.28
9/4/2019 16:00:00,1484.76
9/5/2019 16:00:00,1510.75
9/6/2019 16:00:00,1505.17
9/9/2019 16:00:00,1524.23
9/10/2019 16:00:00,1542.99
9/11/2019 16:00:00,1575.71
9/12/2019 16:00:00,1575.07
9/13/2019 16:00:00,1578.14
9/16/2019 16:00:00,1584.6
9/17/2019 16:00:00,1578.29
9/18/2019 16:00:00,1568.34
9/19/2019 16:00:00,1561.47
9/20/2019 16:00:00,1559.76
9/23/2019 16:00:00,1558.25
9/24/2019 16:00:00,1533.59
9/25/2019 16:00:00,1550.65
9/26/2019 16:00:00,1533.33
9/27/2019 16:00:00,1520.48
9/30/2019 16:00:00,1523.37
10/1/2019 16:00:00,1493.43
10/2/2019 16:00:00,1479.63
10/3/2019 16:00:00,1486.35
10/4/2019 16:00:00,1500.7
10/7/2019 16:00:00,1497.79
10/8/2019 16:00:00,1472.6
10/9/2019 16:00:00,1479.46
10/10/2019 16:00:00,1485.36
10/11/2019 16:00:00,1511.9
10/15/2019 16:00:00,1523.3
10/16/2019 16:00:00,1525.06
10/17/2019 16:00:00,1541.84
10/18/2019 16:00:00,1535.48
10/21/2019 16:00:00,1550.14
10/22/2019 16:00:00,1550.87
10/23/2019 16:00:00,1552.86
10/24/2019 16:00:00,1550.18
10/25/2019 16:00:00,1558.71
10/28/2019 16:00:00,1571.93
10/29/2019 16:00:00,1577.07
10/30/2019 16:00:00,1572.85
11/1/2019 16:00:00,1589.33
11/4/2019 16:00:00,1597.4
11/5/2019 16:00:00,1599.61
11/6/2019 16:00:00,1589.54
11/7/2019 16:00:00,1593.99
11/8/2019 16:00:00,1598.86
11/11/2019 16:00:00,1594.77
11/12/2019 16:00:00,1595.12
11/13/2019 16:00:00,1589.18
11/14/2019 16:00:00,1588.79
11/15/2019 16:00:00,1596.45
11/18/2019 16:00:00,1592.34
11/19/2019 16:00:00,1598.29
11/20/2019 16:00:00,1591.61
11/21/2019 16:00:00,1583.96
11/22/2019 16:00:00,1588.94
11/25/2019 16:00:00,1621.9
11/26/2019 16:00:00,1624.23
11/27/2019 16:00:00,1634.1
11/29/2019 13:00:00,1624.5
12/2/2019 16:00:00,1607.58
12/3/2019 16:00:00,1602.63
12/4/2019 16:00:00,1613.9
12/5/2019 16:00:00,1614.83
12/6/2019 16:00:00,1633.84
12/9/2019 16:00:00,1629.62
12/10/2019 16:00:00,1631.71
12/11/2019 16:00:00,1631.93
12/12/2019 16:00:00,1644.81
12/13/2019 16:00:00,1637.98
12/16/2019 16:00:00,1649.94
12/17/2019 16:00:00,1657.56
12/18/2019 16:00:00,1661.73
12/19/2019 16:00:00,1667.09
12/20/2019 16:00:00,1671.9
12/23/2019 16:00:00,1674.14
12/24/2019 13:00:00,1678.01
12/26/2019 16:00:00,1677.67
12/27/2019 16:00:00,1669.03
12/30/2019 16:00:00,1664.15
12/31/2019 16:00:00,1668.47
1/2/2020 16:00:00,1666.77
1/3/2020 16:00:00,1660.87
1/6/2020 16:00:00,1663.26
1/7/2020 16:00:00,1658.31
1/8/2020 16:00:00,1663.59
1/9/2020 16:00:00,1664.99
1/10/2020 16:00:00,1657.64
1/13/2020 16:00:00,1669.61
1/14/2020 16:00:00,1675.74
1/15/2020 16:00:00,1682.4
1/16/2020 16:00:00,1705.22
1/17/2020 16:00:00,1699.64
1/21/2020 16:00:00,1685.9
1/22/2020 16:00:00,1684.46
1/23/2020 16:00:00,1685.01
1/24/2020 16:00:00,1662.23
1/27/2020 16:00:00,1644.14
1/28/2020 16:00:00,1658.31
1/29/2020 16:00:00,1649.22
1/30/2020 16:00:00,1648.22
1/31/2020 16:00:00,1614.06
2/3/2020 16:00:00,1632.21
2/4/2020 16:00:00,1656.77
2/5/2020 16:00:00,1681.92
2/6/2020 16:00:00,1677.46
2/7/2020 16:00:00,1656.78
2/10/2020 16:00:00,1667.67
2/11/2020 16:00:00,1677.51
2/12/2020 16:00:00,1689.38
2/13/2020 16:00:00,1693.74
2/14/2020 16:00:00,1687.58
2/18/2020 16:00:00,1683.52
2/19/2020 16:00:00,1692.57
2/20/2020 16:00:00,1696.07
2/21/2020 16:00:00,1678.61
2/24/2020 16:00:00,1628.1
2/25/2020 16:00:00,1571.9
2/26/2020 16:00:00,1552.76
2/27/2020 16:00:00,1497.87
2/28/2020 16:00:00,1476.43
3/2/2020 16:00:00,1518.49
3/3/2020 16:00:00,1486.08
3/4/2020 16:00:00,1531.2
3/5/2020 16:00:00,1478.82
3/6/2020 16:00:00,1449.22
3/9/2020 16:00:00,1313.44
3/10/2020 16:00:00,1350.9
3/11/2020 16:00:00,1264.3
3/12/2020 16:00:00,1122.93
3/13/2020 16:00:00,1210.13
3/16/2020 16:00:00,1037.42
3/17/2020 16:00:00,1106.68
3/18/2020 16:00:00,991.16
3/19/2020 16:00:00,1058.75
3/20/2020 16:00:00,1014.05
3/23/2020 16:00:00,1002.4
3/24/2020 16:00:00,1096.54
3/25/2020 16:00:00,1110.34
3/26/2020 16:00:00,1180.32
3/27/2020 16:00:00,1131.99
3/30/2020 16:00:00,1158.32
3/31/2020 16:00:00,1153.1
4/1/2020 16:00:00,1071.99
4/2/2020 16:00:00,1085.81
4/3/2020 16:00:00,1052.05
4/6/2020 16:00:00,1138.78
4/7/2020 16:00:00,1139.17
4/8/2020 16:00:00,1191.66
4/9/2020 16:00:00,1246.73
4/13/2020 16:00:00,1212.04
4/14/2020 16:00:00,1237.33
4/15/2020 16:00:00,1183.98
4/16/2020 16:00:00,1178.09
4/17/2020 16:00:00,1229.1
4/20/2020 16:00:00,1213.35
4/21/2020 16:00:00,1185.09
4/22/2020 16:00:00,1201.52
4/23/2020 16:00:00,1214.06
4/24/2020 16:00:00,1233.05
4/27/2020 16:00:00,1281.88
4/28/2020 16:00:00,1298.08
4/29/2020 16:00:00,1360.76
4/30/2020 16:00:00,1310.66
5/1/2020 16:00:00,1260.48
5/4/2020 16:00:00,1263.97
5/5/2020 16:00:00,1273.51
5/6/2020 16:00:00,1263.01
5/7/2020 16:00:00,1282.93
5/8/2020 16:00:00,1329.64
5/11/2020 16:00:00,1321.24
5/12/2020 16:00:00,1275.54
5/13/2020 16:00:00,1233.25
5/14/2020 16:00:00,1237.55
5/15/2020 16:00:00,1256.99
5/18/2020 16:00:00,1333.69
5/19/2020 16:00:00,1307.72
5/20/2020 16:00:00,1346.93
5/21/2020 16:00:00,1347.56
5/22/2020 16:00:00,1355.53
5/26/2020 16:00:00,1393.07
5/27/2020 16:00:00,1436.36
5/28/2020 16:00:00,1400.67
5/29/2020 16:00:00,1394.04
6/1/2020 16:00:00,1405.37
6/2/2020 16:00:00,1418.21
6/3/2020 16:00:00,1452.09
6/4/2020 16:00:00,1452.06
6/5/2020 16:00:00,1507.15
6/8/2020 16:00:00,1536.89
6/9/2020 16:00:00,1507.05
6/10/2020 16:00:00,1467.39
6/11/2020 16:00:00,1356.22
6/12/2020 16:00:00,1387.68
6/15/2020 16:00:00,1419.61
6/16/2020 16:00:00,1452.26
6/17/2020 16:00:00,1426.53
6/18/2020 16:00:00,1427.08
6/19/2020 16:00:00,1418.63
6/22/2020 16:00:00,1433.53
6/23/2020 16:00:00,1439.34
6/24/2020 16:00:00,1389.74
6/25/2020 16:00:00,1413.31
6/26/2020 16:00:00,1378.78
6/29/2020 16:00:00,1421.21
6/30/2020 16:00:00,1441.37
7/1/2020 16:00:00,1427.31
7/2/2020 16:00:00,1431.86
7/6/2020 16:00:00,1442.88
7/7/2020 16:00:00,1416
7/8/2020 16:00:00,1427.4
7/9/2020 16:00:00,1398.92
7/10/2020 16:00:00,1422.68
7/13/2020 16:00:00,1403.57
7/14/2020 16:00:00,1428.26
7/15/2020 16:00:00,1478.27
7/16/2020 16:00:00,1467.56
7/17/2020 16:00:00,1473.32
7/20/2020 16:00:00,1467.95
7/21/2020 16:00:00,1487.51
7/22/2020 16:00:00,1490.14
7/23/2020 16:00:00,1490.2
7/24/2020 16:00:00,1467.55
7/27/2020 16:00:00,1484.65
7/28/2020 16:00:00,1469.76
7/29/2020 16:00:00,1500.63
7/30/2020 16:00:00,1495.1
7/31/2020 16:00:00,1480.43
8/3/2020 16:00:00,1506.8
8/4/2020 16:00:00,1517.21
8/5/2020 16:00:00,1546.24
8/6/2020 16:00:00,1544.62
8/7/2020 16:00:00,1569.18
8/10/2020 16:00:00,1584.67
8/11/2020 16:00:00,1575.1
8/12/2020 16:00:00,1583.25
8/13/2020 16:00:00,1579.79
8/14/2020 16:00:00,1577.88
8/17/2020 16:00:00,1585.47
8/18/2020 16:00:00,1569.77
8/19/2020 16:00:00,1572.07
8/20/2020 16:00:00,1564.3
8/21/2020 16:00:00,1552.48
8/24/2020 16:00:00,1568.47
8/25/2020 16:00:00,1571.21
8/26/2020 16:00:00,1560.19
8/27/2020 16:00:00,1564.56
8/28/2020 16:00:00,1578.34
8/31/2020 16:00:00,1561.88
9/1/2020 16:00:00,1578.58
9/2/2020 16:00:00,1592.29
9/3/2020 16:00:00,1544.68
9/4/2020 16:00:00,1535.3
9/8/2020 16:00:00,1504.59
9/9/2020 16:00:00,1526.48
9/10/2020 16:00:00,1507.75
9/11/2020 16:00:00,1497.27
9/14/2020 16:00:00,1536.97
9/15/2020 16:00:00,1538.15
9/16/2020 16:00:00,1552.33
9/17/2020 16:00:00,1542.6
9/18/2020 16:00:00,1536.78
9/21/2020 16:00:00,1485.25
9/22/2020 16:00:00,1496.96
9/23/2020 16:00:00,1451.46
9/24/2020 16:00:00,1451.82
9/25/2020 16:00:00,1474.91
9/28/2020 16:00:00,1510.34
9/29/2020 16:00:00,1504.73
9/30/2020 16:00:00,1507.69
10/1/2020 16:00:00,1531.2
10/2/2020 16:00:00,1539.3
10/5/2020 16:00:00,1581.96
10/6/2020 16:00:00,1577.29
10/7/2020 16:00:00,1611.04
10/8/2020 16:00:00,1628.55
10/9/2020 16:00:00,1637.55
10/12/2020 16:00:00,1649.05
10/13/2020 16:00:00,1636.85
10/14/2020 16:00:00,1621.65
10/15/2020 16:00:00,1638.88
10/16/2020 16:00:00,1633.81
10/19/2020 16:00:00,1613.63
10/20/2020 16:00:00,1617.71
10/21/2020 16:00:00,1603.78
10/22/2020 16:00:00,1630.25
10/23/2020 16:00:00,1640.5
10/26/2020 16:00:00,1605.21
10/27/2020 16:00:00,1590.71
10/28/2020 16:00:00,1543.28
10/29/2020 16:00:00,1561.58
10/30/2020 16:00:00,1538.48
11/2/2020 16:00:00,1568.59
11/3/2020 16:00:00,1614.3
11/4/2020 16:00:00,1615.08
11/5/2020 16:00:00,1660.05
11/6/2020 16:00:00,1644.16
11/9/2020 16:00:00,1705.04
11/10/2020 16:00:00,1737.01
11/11/2020 16:00:00,1736.94
11/12/2020 16:00:00,1708.47
11/13/2020 16:00:00,1744.04
11/16/2020 16:00:00,1785.34
11/17/2020 16:00:00,1791.91
11/18/2020 16:00:00,1769.32
11/19/2020 16:00:00,1784.13
11/20/2020 16:00:00,1785.34
11/23/2020 16:00:00,1818.3
11/24/2020 16:00:00,1853.53
11/25/2020 16:00:00,1845.02
11/27/2020 13:00:00,1855.27
11/30/2020 16:00:00,1819.82
12/1/2020 16:00:00,1836.05
12/2/2020 16:00:00,1838.03
12/3/2020 16:00:00,1848.7
12/4/2020 16:00:00,1892.45
12/7/2020 16:00:00,1891.25
12/8/2020 16:00:00,1917.78
12/9/2020 16:00:00,1902.15
12/10/2020 16:00:00,1922.7
12/11/2020 16:00:00,1911.7
12/14/2020 16:00:00,1913.86
12/15/2020 16:00:00,1959.76
12/16/2020 16:00:00,1952.72
12/17/2020 16:00:00,1978.05
12/18/2020 16:00:00,1969.99
12/21/2020 16:00:00,1970.33
12/22/2020 16:00:00,1989.88
12/23/2020 16:00:00,2007.1
12/24/2020 13:00:00,2003.95
12/28/2020 16:00:00,1996.25
12/29/2020 16:00:00,1959.36
12/30/2020 16:00:00,1979.99
12/31/2020 16:00:00,1974.86
1/4/2021 16:00:00,1945.91
1/5/2021 16:00:00,1979.11
1/6/2021 16:00:00,2057.92
1/7/2021 16:00:00,2096.89
1/8/2021 16:00:00,2091.66
1/11/2021 16:00:00,2091.01
1/12/2021 16:00:00,2127.96
1/13/2021 16:00:00,2111.97
1/14/2021 16:00:00,2155.35
1/15/2021 16:00:00,2123.2
1/19/2021 16:00:00,2151.14
1/20/2021 16:00:00,2160.62
1/21/2021 16:00:00,2141.42
1/22/2021 16:00:00,2168.76
1/25/2021 16:00:00,2163.27
1/26/2021 16:00:00,2149.86
1/27/2021 16:00:00,2108.7
1/28/2021 16:00:00,2106.61
1/29/2021 16:00:00,2073.64
2/1/2021 16:00:00,2126.16
2/2/2021 16:00:00,2151.44
2/3/2021 16:00:00,2159.7
2/4/2021 16:00:00,2202.42
2/5/2021 16:00:00,2233.33
2/8/2021 16:00:00,2289.76
2/9/2021 16:00:00,2299
2/10/2021 16:00:00,2282.44
2/11/2021 16:00:00,2285.32
2/12/2021 16:00:00,2289.36
2/16/2021 16:00:00,2272.89
2/17/2021 16:00:00,2256.11
2/18/2021 16:00:00,2218.39
2/19/2021 16:00:00,2266.69
2/22/2021 16:00:00,2251.07
2/23/2021 16:00:00,2231.31
2/24/2021 16:00:00,2284.38
2/25/2021 16:00:00,2200.17
2/26/2021 16:00:00,2201.05
3/1/2021 16:00:00,2275.32
3/2/2021 16:00:00,2231.51
3/3/2021 16:00:00,2207.79
3/4/2021 16:00:00,2146.92
3/5/2021 16:00:00,2192.21
3/8/2021 16:00:00,2202.98
3/9/2021 16:00:00,2245.06
3/10/2021 16:00:00,2285.68
3/11/2021 16:00:00,2338.54
3/12/2021 16:00:00,2352.79
3/15/2021 16:00:00,2360.17
3/16/2021 16:00:00,2319.52
3/17/2021 16:00:00,2336.39
3/18/2021 16:00:00,2267.59
3/19/2021 16:00:00,2287.55
3/22/2021 16:00:00,2266.84
3/23/2021 16:00:00,2185.69
3/24/2021 16:00:00,2134.27
3/25/2021 16:00:00,2183.12
3/26/2021 16:00:00,2221.48
3/29/2021 16:00:00,2158.68
3/30/2021 16:00:00,2195.8
3/31/2021 16:00:00,2220.52
4/1/2021 16:00:00,2253.9
4/5/2021 16:00:00,2264.89
4/6/2021 16:00:00,2259.15
4/7/2021 16:00:00,2223.05
4/8/2021 16:00:00,2242.6
4/9/2021 16:00:00,2243.47
4/12/2021 16:00:00,2233.78
4/13/2021 16:00:00,2228.92
4/14/2021 16:00:00,2247.72
4/15/2021 16:00:00,2257.07
4/16/2021 16:00:00,2262.67
4/19/2021 16:00:00,2232
4/20/2021 16:00:00,2188.21
4/21/2021 16:00:00,2239.63
4/22/2021 16:00:00,2232.61
4/23/2021 16:00:00,2271.86
4/26/2021 16:00:00,2298.01
4/27/2021 16:00:00,2301.27
4/28/2021 16:00:00,2304.16
4/29/2021 16:00:00,2295.46
4/30/2021 16:00:00,2266.45
5/3/2021 16:00:00,2277.45
5/4/2021 16:00:00,2248.29
5/5/2021 16:00:00,2241.37
5/6/2021 16:00:00,2241.42
5/7/2021 16:00:00,2271.63
5/10/2021 16:00:00,2212.7
5/11/2021 16:00:00,2206.99
5/12/2021 16:00:00,2135.14
5/13/2021 16:00:00,2170.95
5/14/2021 16:00:00,2224.63
5/17/2021 16:00:00,2227.12
5/18/2021 16:00:00,2210.88
5/19/2021 16:00:00,2193.64
5/20/2021 16:00:00,2207.76
5/21/2021 16:00:00,2215.27
5/24/2021 16:00:00,2227.34
5/25/2021 16:00:00,2205.75
5/26/2021 16:00:00,2249.27
5/27/2021 16:00:00,2273.07
5/28/2021 16:00:00,2268.97
6/1/2021 16:00:00,2294.74
6/2/2021 16:00:00,2297.83
6/3/2021 16:00:00,2279.25
6/4/2021 16:00:00,2286.41
6/7/2021 16:00:00,2319.18
6/8/2021 16:00:00,2343.76
6/9/2021 16:00:00,2327.13
6/10/2021 16:00:00,2311.41
6/11/2021 16:00:00,2335.81
6/14/2021 16:00:00,2326.15
6/15/2021 16:00:00,2320.07
6/16/2021 16:00:00,2314.69
6/17/2021 16:00:00,2287.46
6/18/2021 16:00:00,2237.75
6/21/2021 16:00:00,2286.09
6/22/2021 16:00:00,2295.95
6/23/2021 16:00:00,2303.47
6/24/2021 16:00:00,2333.62
6/25/2021 16:00:00,2334.4
6/28/2021 16:00:00,2322.34
6/29/2021 16:00:00,2308.84
6/30/2021 16:00:00,2310.55
7/1/2021 16:00:00,2329.36
7/2/2021 16:00:00,2305.76
7/6/2021 16:00:00,2274.5
7/7/2021 16:00:00,2252.85
7/8/2021 16:00:00,2231.68
7/9/2021 16:00:00,2280
7/12/2021 16:00:00,2281.82
7/13/2021 16:00:00,2238.86
7/14/2021 16:00:00,2202.36
7/15/2021 16:00:00,2190.29
7/16/2021 16:00:00,2163.24
7/19/2021 16:00:00,2130.68
7/20/2021 16:00:00,2194.3
7/21/2021 16:00:00,2234.04
7/22/2021 16:00:00,2199.48
7/23/2021 16:00:00,2209.65
7/26/2021 16:00:00,2216.92
7/27/2021 16:00:00,2191.83
7/28/2021 16:00:00,2224.96
7/29/2021 16:00:00,2240.03
7/30/2021 16:00:00,2226.25
8/2/2021 16:00:00,2215.5
8/3/2021 16:00:00,2223.58
8/4/2021 16:00:00,2196.32
8/5/2021 16:00:00,2236.01
8/6/2021 16:00:00,2247.76
8/9/2021 16:00:00,2234.81
8/10/2021 16:00:00,2239.36
8/11/2021 16:00:00,2250.34
8/12/2021 16:00:00,2244.07
8/13/2021 16:00:00,2223.11
8/16/2021 16:00:00,2203.41
8/17/2021 16:00:00,2177.17
8/18/2021 16:00:00,2158.78
8/19/2021 16:00:00,2132.42
8/20/2021 16:00:00,2167.6
8/23/2021 16:00:00,2208.3
8/24/2021 16:00:00,2230.91
8/25/2021 16:00:00,2239.27
8/26/2021 16:00:00,2213.98
8/27/2021 16:00:00,2277.15
8/30/2021 16:00:00,2265.99
8/31/2021 16:00:00,2273.77
9/1/2021 16:00:00,2287.06
9/2/2021 16:00:00,2304.02
9/3/2021 16:00:00,2292.05
9/7/2021 16:00:00,2275.61
9/8/2021 16:00:00,2249.73
9/9/2021 16:00:00,2249.13
9/10/2021 16:00:00,2227.55
9/13/2021 16:00:00,2240.78
9/14/2021 16:00:00,2209.98
9/15/2021 16:00:00,2234.45
9/16/2021 16:00:00,2232.91
9/17/2021 16:00:00,2236.87
9/20/2021 16:00:00,2182.2
9/21/2021 16:00:00,2186.18
9/22/2021 16:00:00,2218.56
9/23/2021 16:00:00,2259.04
9/24/2021 16:00:00,2248.07
9/27/2021 16:00:00,2281
9/28/2021 16:00:00,2229.78
9/29/2021 16:00:00,2225.31
9/30/2021 16:00:00,2204.37
10/1/2021 16:00:00,2241.63
10/4/2021 16:00:00,2217.47
10/5/2021 16:00:00,2228.36
10/6/2021 16:00:00,2214.96
10/7/2021 16:00:00,2250.09
10/8/2021 16:00:00,2233.09
10/11/2021 16:00:00,2220.64
10/12/2021 16:00:00,2234.27
10/13/2021 16:00:00,2241.97
10/14/2021 16:00:00,2274.18
10/15/2021 16:00:00,2265.65
10/18/2021 16:00:00,2267.84
10/19/2021 16:00:00,2275.91
10/20/2021 16:00:00,2289.77
10/21/2021 16:00:00,2296.18
10/22/2021 16:00:00,2291.27
10/25/2021 16:00:00,2312.64
10/26/2021 16:00:00,2296.08
10/27/2021 16:00:00,2252.49
10/28/2021 16:00:00,2297.98
10/29/2021 16:00:00,2297.19
11/1/2021 16:00:00,2358.12
11/2/2021 16:00:00,2361.86
11/3/2021 16:00:00,2404.28
11/4/2021 16:00:00,2402.43
11/5/2021 16:00:00,2437.08
11/8/2021 16:00:00,2442.74
11/9/2021 16:00:00,2427.29
11/10/2021 16:00:00,2389.58
11/11/2021 16:00:00,2409.14
11/12/2021 16:00:00,2411.78
11/15/2021 16:00:00,2400.93
11/16/2021 16:00:00,2405.02
11/17/2021 16:00:00,2377.01
11/18/2021 16:00:00,2363.59
11/19/2021 16:00:00,2343.16
11/22/2021 16:00:00,2331.35
11/23/2021 16:00:00,2327.86
11/24/2021 16:00:00,2331.46
11/26/2021 13:00:00,2245.94
11/29/2021 16:00:00,2241.98
11/30/2021 16:00:00,2198.91
12/1/2021 16:00:00,2147.42
12/2/2021 16:00:00,2206.33
12/3/2021 16:00:00,2159.31
12/6/2021 16:00:00,2203.48
12/7/2021 16:00:00,2253.79
12/8/2021 16:00:00,2271.71
12/9/2021 16:00:00,2220.21
12/10/2021 16:00:00,2211.81
12/13/2021 16:00:00,2180.5
12/14/2021 16:00:00,2159.65
12/15/2021 16:00:00,2195.21
12/16/2021 16:00:00,2152.46
12/17/2021 16:00:00,2173.93
12/20/2021 16:00:00,2139.87
12/21/2021 16:00:00,2202.95
12/22/2021 16:00:00,2221.9
12/23/2021 16:00:00,2241.58
12/27/2021 16:00:00,2261.46
12/28/2021 16:00:00,2246.51
12/29/2021 16:00:00,2249.24
12/30/2021 16:00:00,2248.79
12/31/2021 16:00:00,2245.31
1/3/2022 16:00:00,2272.56
1/4/2022 16:00:00,2268.87
1/5/2022 16:00:00,2194
1/6/2022 16:00:00,2206.37
1/7/2022 16:00:00,2179.81
1/11/2022 16:00:00,2194
1/12/2022 16:00:00,2176.06
1/13/2022 16:00:00,2159.44
1/14/2022 16:00:00,2162.46
1/18/2022 16:00:00,2096.23
1/19/2022 16:00:00,2062.78
1/20/2022 16:00:00,2024.04
1/21/2022 16:00:00,1987.92
1/24/2022 16:00:00,2033.51
1/25/2022 16:00:00,2004.03
1/26/2022 16:00:00,1976.46
1/27/2022 16:00:00,1931.29
1/28/2022 16:00:00,1968.51
1/31/2022 16:00:00,2028.45
2/1/2022 16:00:00,2050.74
2/2/2022 16:00:00,2029.52
2/3/2022 16:00:00,1991.03
2/4/2022 16:00:00,2002.36
2/7/2022 16:00:00,2012.6
2/8/2022 16:00:00,2045.37
2/9/2022 16:00:00,2083.5
2/10/2022 16:00:00,2051.16
2/11/2022 16:00:00,2030.15
2/14/2022 16:00:00,2020.79
2/15/2022 16:00:00,2076.46
2/16/2022 16:00:00,2079.31
2/17/2022 16:00:00,2028.09
2/18/2022 16:00:00,2009.33
2/22/2022 16:00:00,1980.17
2/23/2022 16:00:00,1944.09
2/24/2022 16:00:00,1996
2/25/2022 16:00:00,2040.93
2/28/2022 16:00:00,2048.09
3/1/2022 16:00:00,2008.51
3/2/2022 16:00:00,2058.87
3/3/2022 16:00:00,2032.41
3/4/2022 16:00:00,2000.9
3/7/2022 16:00:00,1951.33
3/8/2022 16:00:00,1963.01
3/9/2022 16:00:00,2016.29
3/10/2022 16:00:00,2011.67
3/11/2022 16:00:00,1979.67
3/14/2022 16:00:00,1941.72
3/15/2022 16:00:00,1968.97
3/16/2022 16:00:00,2030.72
3/17/2022 16:00:00,2065.02
3/18/2022 16:00:00,2086.14
3/21/2022 16:00:00,2065.94
3/22/2022 16:00:00,2088.34
3/23/2022 16:00:00,2052.21
3/24/2022 16:00:00,2075.44
3/25/2022 16:00:00,2077.98
3/28/2022 16:00:00,2078.06
3/29/2022 16:00:00,2133.1
3/30/2022 16:00:00,2091.07
3/31/2022 16:00:00,2070.13
4/1/2022 16:00:00,2091.11
4/4/2022 16:00:00,2095.44
4/5/2022 16:00:00,2046.04
4/6/2022 16:00:00,2016.94
4/7/2022 16:00:00,2009.8
4/8/2022 16:00:00,1994.56
4/11/2022 16:00:00,1980.32
4/12/2022 16:00:00,1986.94
4/13/2022 16:00:00,2025.1
4/14/2022 16:00:00,2004.98
4/18/2022 16:00:00,1990.13
4/19/2022 16:00:00,2030.77
4/20/2022 16:00:00,2038.19
4/21/2022 16:00:00,1991.46
4/22/2022 16:00:00,1940.66
4/25/2022 16:00:00,1954.2
4/26/2022 16:00:00,1890.47
4/27/2022 16:00:00,1884.04
4/28/2022 16:00:00,1917.94
4/29/2022 16:00:00,1864.1
5/2/2022 16:00:00,1882.91
5/3/2022 16:00:00,1898.86
5/4/2022 16:00:00,1949.92
5/5/2022 16:00:00,1871.15
5/6/2022 16:00:00,1839.56
5/9/2022 16:00:00,1762.08
5/10/2022 16:00:00,1761.79
5/11/2022 16:00:00,1718.14
5/12/2022 16:00:00,1739.38
5/13/2022 16:00:00,1792.67
5/16/2022 16:00:00,1783.43
5/17/2022 16:00:00,1840.3
5/18/2022 16:00:00,1774.85
5/19/2022 16:00:00,1776.22
5/20/2022 16:00:00,1773.27
5/23/2022 16:00:00,1792.76
5/24/2022 16:00:00,1764.83
5/25/2022 16:00:00,1799.16
5/26/2022 16:00:00,1838.24
5/27/2022 16:00:00,1887.9
5/31/2022 16:00:00,1864.04
6/1/2022 16:00:00,1854.82
6/2/2022 16:00:00,1897.67
6/3/2022 16:00:00,1883.05
6/6/2022 16:00:00,1889.89
6/7/2022 16:00:00,1919.56
6/8/2022 16:00:00,1891.01
6/9/2022 16:00:00,1850.86
6/10/2022 16:00:00,1800.28
6/13/2022 16:00:00,1714.59
6/14/2022 16:00:00,1707.83
6/15/2022 16:00:00,1731.14
6/16/2022 16:00:00,1649.84
6/17/2022 16:00:00,1665.69
6/21/2022 16:00:00,1694.03
6/22/2022 16:00:00,1690.28
6/23/2022 16:00:00,1711.67
6/24/2022 16:00:00,1765.74
6/27/2022 16:00:00,1771.74
6/28/2022 16:00:00,1738.84
6/29/2022 16:00:00,1719.37
6/30/2022 16:00:00,1707.99
7/1/2022 16:00:00,1727.76
7/5/2022 16:00:00,1741.33
7/6/2022 16:00:00,1727.55
7/7/2022 16:00:00,1769.6
7/8/2022 16:00:00,1769.36
7/11/2022 16:00:00,1732.01
7/12/2022 16:00:00,1728.18
7/13/2022 16:00:00,1726.04
7/14/2022 16:00:00,1707.51
7/15/2022 16:00:00,1744.37
7/18/2022 16:00:00,1738.42
7/19/2022 16:00:00,1799.32
7/20/2022 16:00:00,1827.95
7/21/2022 16:00:00,1836.69
7/22/2022 16:00:00,1806.88
7/25/2022 16:00:00,1817.77
7/26/2022 16:00:00,1805.25
7/27/2022 16:00:00,1848.34
7/28/2022 16:00:00,1873.03
7/29/2022 16:00:00,1885.23
8/1/2022 16:00:00,1883.31
8/2/2022 16:00:00,1882.45
8/3/2022 16:00:00,1908.93
8/4/2022 16:00:00,1906.46
8/5/2022 16:00:00,1921.82
8/8/2022 16:00:00,1941.21
8/9/2022 16:00:00,1912.89
8/10/2022 16:00:00,1969.25
8/11/2022 16:00:00,1975.26
8/12/2022 16:00:00,2016.62
8/15/2022 16:00:00,2021.35
8/16/2022 16:00:00,2020.53
8/17/2022 16:00:00,1987.31
8/18/2022 16:00:00,2000.73
8/19/2022 16:00:00,1957.35
8/22/2022 16:00:00,1915.74
8/23/2022 16:00:00,1919.14
8/24/2022 16:00:00,1935.29
8/25/2022 16:00:00,1964.64
8/26/2022 16:00:00,1899.83
8/29/2022 16:00:00,1882.94
8/30/2022 16:00:00,1855.59
8/31/2022 16:00:00,1844.12
9/1/2022 16:00:00,1822.82
9/2/2022 16:00:00,1809.75
9/6/2022 16:00:00,1792.32
9/7/2022 16:00:00,1832
9/8/2022 16:00:00,1846.91
9/9/2022 16:00:00,1882.85
9/12/2022 16:00:00,1906.09
9/13/2022 16:00:00,1831.57
9/14/2022 16:00:00,1838.46
9/15/2022 16:00:00,1825.23
9/16/2022 16:00:00,1798.19
9/19/2022 16:00:00,1812.84
9/20/2022 16:00:00,1787.5
9/21/2022 16:00:00,1762.16
9/22/2022 16:00:00,1722.31
9/23/2022 16:00:00,1679.59
9/26/2022 16:00:00,1655.88
9/27/2022 16:00:00,1662.51
9/28/2022 16:00:00,1715.24
9/29/2022 16:00:00,1674.93
9/30/2022 16:00:00,1664.72
10/3/2022 16:00:00,1708.87
10/4/2022 16:00:00,1775.77
10/5/2022 16:00:00,1762.69
10/6/2022 16:00:00,1752.51
10/7/2022 16:00:00,1702.15
10/10/2022 16:00:00,1691.92
10/11/2022 16:00:00,1692.92
10/12/2022 16:00:00,1687.76
10/13/2022 16:00:00,1728.41
10/14/2022 16:00:00,1682.4
10/17/2022 16:00:00,1735.75
10/18/2022 16:00:00,1755.96
10/19/2022 16:00:00,1725.76
10/20/2022 16:00:00,1704.39
10/21/2022 16:00:00,1742.24
10/24/2022 16:00:00,1748.4
10/25/2022 16:00:00,1796.16
10/26/2022 16:00:00,1804.33
10/27/2022 16:00:00,1806.32
10/28/2022 16:00:00,1846.92
10/31/2022 16:00:00,1846.86
11/1/2022 16:00:00,1851.39
11/2/2022 16:00:00,1789.14
11/3/2022 16:00:00,1779.73
11/4/2022 16:00:00,1799.87
11/7/2022 16:00:00,1809.81
11/8/2022 16:00:00,1808.93
11/9/2022 16:00:00,1760.4
11/10/2022 16:00:00,1867.93
11/11/2022 16:00:00,1882.74
11/14/2022 16:00:00,1861.25
11/15/2022 16:00:00,1889.2
11/16/2022 16:00:00,1853.17
11/17/2022 16:00:00,1839.12
11/18/2022 16:00:00,1849.73
11/21/2022 16:00:00,1839.14
11/22/2022 16:00:00,1860.44
11/23/2022 16:00:00,1863.52
11/25/2022 13:05:00,1869.19
11/28/2022 16:00:00,1830.96
11/29/2022 16:00:00,1836.55
11/30/2022 16:00:00,1886.58
12/1/2022 16:00:00,1881.68
12/2/2022 16:00:00,1892.84
12/5/2022 16:00:00,1840.22
12/6/2022 16:00:00,1812.58
12/7/2022 16:00:00,1806.9
12/8/2022 16:00:00,1818.29
12/9/2022 16:00:00,1796.66
12/12/2022 16:00:00,1818.61
12/13/2022 16:00:00,1832.36
12/14/2022 16:00:00,1820.45
12/15/2022 16:00:00,1774.61
12/16/2022 16:00:00,1763.42
12/19/2022 16:00:00,1738.58
12/20/2022 16:00:00,1748.02
12/21/2022 16:00:00,1776.94
12/22/2022 16:00:00,1754.09
12/23/2022 16:00:00,1760.93
12/27/2022 16:00:00,1749.52
12/28/2022 16:00:00,1722.02
12/29/2022 16:00:00,1766.25
12/30/2022 16:00:00,1761.25
1/3/2023 16:00:00,1750.73
1/4/2023 16:00:00,1772.54
1/5/2023 16:00:00,1753.19
1/6/2023 16:00:00,1792.8
1/9/2023 16:00:00,1795.91
1/10/2023 16:00:00,1822.65
1/11/2023 16:00:00,1844.05
1/12/2023 16:00:00,1876.06
1/13/2023 16:00:00,1887.03
1/17/2023 16:00:00,1884.29
1/18/2023 16:00:00,1854.36
1/19/2023 16:00:00,1836.35
1/20/2023 16:00:00,1867.34
1/23/2023 16:00:00,1890.77
1/24/2023 16:00:00,1885.61
1/25/2023 16:00:00,1890.32
1/26/2023 16:00:00,1903.06
